model_id,model_revision,workload,concurrency,repetitions,paired_performance_repetitions,tp1_output_tokens_per_second,tp2_output_tokens_per_second,tp2_over_tp1_speedup,tp1_ttft_ms,tp2_ttft_ms,tp1_tpot_ms,tp2_tpot_ms,tp1_itl_ms,tp2_itl_ms,tp1_e2e_latency_ms,tp2_e2e_latency_ms,tp1_maximum_vram_mib,tp2_maximum_vram_mib,tp1_gpu_utilization_percent,tp2_gpu_utilization_percent,tp1_oom_repetitions,tp2_oom_repetitions,tp1_failed_repetitions,tp2_failed_repetitions,tp1_resource_boundary_repetitions,tp2_resource_boundary_repetitions,classifications
Qwen/Qwen2.5-3B-Instruct,aa8e72537993ba99e69dfaafa59ed015b17504d1,balanced,1,5,5,24.937158863388174,14.998715074570848,0.6106103746221109,200.51610981001545,157.5379336100059,40.24220784000006,66.43865669094117,40.24171658298041,66.43802198627453,10462.279109010033,17099.395389800007,13643.0,13751.0,58.806379060095914,49.80330761603714,0,0,0,0,0,0,NO_CROSSOVER_OBSERVED
Qwen/Qwen2.5-3B-Instruct,aa8e72537993ba99e69dfaafa59ed015b17504d1,balanced,4,5,5,100.42334295840064,58.351330407960496,0.5818273365759186,630.8888946299908,427.21300709000843,37.503994853803896,67.07889030407839,37.50254916631367,67.07760964035292,10194.407582349984,17532.330034629995,13711.0,13753.0,45.596586851400005,37.18283919969842,0,0,0,0,0,0,NO_CROSSOVER_OBSERVED
Qwen/Qwen2.5-3B-Instruct,aa8e72537993ba99e69dfaafa59ed015b17504d1,balanced,8,5,5,181.38469945460733,113.49319856074344,0.6256531302326055,1067.1022322166586,649.3116805000266,39.910596066209166,68.06283110091496,39.9094373429412,68.06177061130708,11244.304229099997,18005.33361123334,13731.0,13797.0,43.25426856352279,33.252523030872204,0,0,0,0,0,0,NO_CROSSOVER_OBSERVED
Qwen/Qwen2.5-3B-Instruct,aa8e72537993ba99e69dfaafa59ed015b17504d1,balanced,16,5,5,291.7059865504094,215.7163934438292,0.7395225616439817,1747.148379233336,1066.9408048875132,48.000625512287584,69.94862692040843,47.998985710065334,69.94864980886615,13987.307884866672,18903.84066959166,13731.0,13796.6,50.36609567684227,35.7109719600053,0,0,0,0,0,0,NO_CROSSOVER_OBSERVED
Qwen/Qwen2.5-3B-Instruct,aa8e72537993ba99e69dfaafa59ed015b17504d1,balanced,32,5,5,385.0258357134177,390.68963300577104,1.0147449503101866,2500.9851062083244,1627.8453732916737,73.2575962588318,75.44843690503261,73.25537179046572,75.4460765971242,21181.672152210427,20867.196784074993,13734.2,13797.8,60.53653419542108,41.34693029485759,0,0,0,0,0,0,NO_CROSSOVER_OBSERVED
Qwen/Qwen2.5-3B-Instruct,aa8e72537993ba99e69dfaafa59ed015b17504d1,balanced,64,5,5,494.61682181526294,651.2798312928477,1.3165623465148384,3636.383876174995,2331.988635755194,114.94440679881544,88.68726905861931,114.94086808290035,88.68435238415442,32947.20760987293,24947.242245703113,13979.4,14771.8,70.44254643526361,50.459548848642505,0,0,0,0,0,0,THROUGHPUT_CROSSOVER;LATENCY_CROSSOVER
Qwen/Qwen2.5-3B-Instruct,aa8e72537993ba99e69dfaafa59ed015b17504d1,prefill_heavy,1,5,5,21.578021139023424,14.006964719036485,0.6493445351592115,1339.1535662699846,797.712460769992,36.21129230724413,65.7590269852758,36.472958331256585,66.20757811340097,5937.987689289989,9149.108887900018,13729.0,13795.0,56.56003449408588,45.955853627887564,0,0,0,0,0,0,NO_CROSSOVER_OBSERVED
Qwen/Qwen2.5-3B-Instruct,aa8e72537993ba99e69dfaafa59ed015b17504d1,prefill_heavy,4,5,5,49.128866248076704,45.15105388860615,0.9203493689781725,3832.388115719982,1988.1379027400203,51.76304688669296,73.3528906082678,52.07892273806159,73.83503958637434,10406.29507032999,11303.955009990032,13731.0,13797.0,52.771566641535856,35.77183782701463,0,0,0,0,0,0,NO_CROSSOVER_OBSERVED
Qwen/Qwen2.5-3B-Instruct,aa8e72537993ba99e69dfaafa59ed015b17504d1,prefill_heavy,8,5,5,60.49907005699604,72.13983554376489,1.1946513026081607,5691.8970358500455,3090.3605932916626,88.01253862434365,86.56057513950142,88.57116245035147,87.14875127145102,16869.48944114169,14083.553636008344,13731.0,13797.0,55.08869880049974,35.01086531134342,0,0,0,0,0,0,THROUGHPUT_CROSSOVER;LATENCY_CROSSOVER
Qwen/Qwen2.5-3B-Instruct,aa8e72537993ba99e69dfaafa59ed015b17504d1,prefill_heavy,16,5,5,68.50678286360039,101.25762246171247,1.4809773146168883,8020.694878004133,4384.074386454156,171.6883272985238,123.10182841856951,172.72026157553015,123.91715297967741,29825.112444916653,20018.006595612485,13735.0,13799.0,68.36723401635831,45.57032440175033,0,0,0,0,0,0,THROUGHPUT_CROSSOVER;LATENCY_CROSSOVER
Qwen/Qwen2.5-3B-Instruct,aa8e72537993ba99e69dfaafa59ed015b17504d1,prefill_heavy,32,5,5,72.48794065646923,127.00037646673766,1.753532074607752,12059.379656479174,6585.614461368734,347.9871593153051,199.046575062008,350.0679628511822,200.3087563150554,56253.74888952293,31864.52949424375,13733.0,13797.0,80.15450505339292,60.37985872036445,0,0,0,0,0,0,THROUGHPUT_CROSSOVER;LATENCY_CROSSOVER
Qwen/Qwen2.5-3B-Instruct,aa8e72537993ba99e69dfaafa59ed015b17504d1,prefill_heavy,64,5,0,75.86644677125827,,,20156.791922310407,,684.5842239995163,,688.9504654982202,,107098.98837024898,,14253.0,14895.0,88.6460390576649,27.8203564732493,0,0,0,5,0,5,RESOURCE_BOUNDARY_OBSERVED
Qwen/Qwen2.5-3B-Instruct,aa8e72537993ba99e69dfaafa59ed015b17504d1,short,1,5,5,26.745085889405704,14.957433950758366,0.5596061080780902,79.61993845002098,75.44035587998223,36.710988739841575,66.73592626238056,36.72171632265224,66.73352190936501,2392.4122290600403,4279.8037104099585,13645.0,13753.0,24.112031123703296,30.459306558080293,0,0,0,0,0,0,NO_CROSSOVER_OBSERVED
Qwen/Qwen2.5-3B-Instruct,aa8e72537993ba99e69dfaafa59ed015b17504d1,short,4,5,5,100.59720486808024,57.48935120786433,0.5715172881085884,171.43312306000553,207.8477414400095,37.230455181746166,66.9454652711113,37.22530451777784,66.94264702365072,2516.9517995100136,4425.412053520022,13647.0,13753.0,18.98223359380605,17.129970354889295,0,0,0,0,0,0,NO_CROSSOVER_OBSERVED
Qwen/Qwen2.5-3B-Instruct,aa8e72537993ba99e69dfaafa59ed015b17504d1,short,8,5,5,186.5182477064303,115.16358483999372,0.6171909634462606,318.78101072500726,267.6862015583538,37.754730645899016,65.652181083201,37.7456822425923,65.6488620703703,2697.3290414166454,4403.773609800017,13647.0,13753.4,16.461538320562827,13.595644680013596,0,0,0,0,0,0,NO_CROSSOVER_OBSERVED
Qwen/Qwen2.5-3B-Instruct,aa8e72537993ba99e69dfaafa59ed015b17504d1,short,16,5,5,334.1351954429136,215.72447269100536,0.645987440955124,604.5665700416673,441.143115612483,38.36402221653454,67.47682081421972,38.34401194867729,67.46825984417988,3021.4999696833434,4692.182826908325,13729.0,13795.0,18.13451911251857,14.523506216310812,0,0,0,0,0,0,NO_CROSSOVER_OBSERVED
Qwen/Qwen2.5-3B-Instruct,aa8e72537993ba99e69dfaafa59ed015b17504d1,short,32,5,5,496.10790143042084,399.10195029870204,0.8051742572785894,907.0246778604244,640.1096302916642,50.24685962645496,70.35141537595912,50.232726962962886,70.33604389732143,4072.5768343270875,5072.248798977088,13733.0,13797.0,24.51289465273206,17.055530270890138,0,0,0,0,0,0,NO_CROSSOVER_OBSERVED
Qwen/Qwen2.5-3B-Instruct,aa8e72537993ba99e69dfaafa59ed015b17504d1,short,64,5,5,674.7249214180298,691.4494457698569,1.0271217548765632,1486.986367106246,961.8376195718804,71.66380496593919,77.31617869669311,71.64853966157416,77.29747961924606,6001.806079960415,5832.7568774635465,13809.4,14108.2,31.776794106689447,19.970895016590326,0,0,0,0,0,0,NO_CROSSOVER_OBSERVED
meta-llama/Llama-3.2-3B-Instruct,0cb88a4f764b7a12671c53f0838cd831a0843b95,balanced,1,5,5,24.692790326854354,19.766795676600488,0.8845315432499967,233.76585643999647,155.7386906499869,44.42102594533326,50.20972970282353,44.42626254510896,50.213161262194674,11561.127472499978,12959.21976486999,13609.0,13723.0,71.35142188879982,50.30802349725197,0,0,0,0,0,0,NO_CROSSOVER_OBSERVED
meta-llama/Llama-3.2-3B-Instruct,0cb88a4f764b7a12671c53f0838cd831a0843b95,balanced,4,5,5,94.74617156975253,73.81472020900061,0.779635501486999,680.1326914500055,462.5794734600231,39.62191102992149,52.54299023607844,39.61974317111121,52.54303936026646,10783.720004079987,13861.041983660025,13659.0,13723.0,53.39259169250221,36.640324313079354,0,0,0,0,0,0,NO_CROSSOVER_OBSERVED
meta-llama/Llama-3.2-3B-Instruct,0cb88a4f764b7a12671c53f0838cd831a0843b95,balanced,8,5,5,147.6064104846217,139.84936520063562,0.9482363622997555,1170.7566426583658,751.0850140666814,49.6340775783333,54.180116281241716,49.632518632853284,54.18591335938286,13827.446425133356,14567.01466578332,13673.0,13723.0,50.3037009058347,32.285431852124404,0,0,0,0,0,0,NO_CROSSOVER_OBSERVED
meta-llama/Llama-3.2-3B-Instruct,0cb88a4f764b7a12671c53f0838cd831a0843b95,balanced,16,5,5,204.24316393240167,260.1166328880474,1.2742594937784748,1957.6205044416972,1188.4748275875106,70.7265790024999,56.873923941682996,70.71274994440054,56.87140796653606,19992.89815007917,15691.325432716674,13673.0,13723.0,58.1095231122571,37.11610139231751,0,0,0,0,0,0,THROUGHPUT_CROSSOVER;LATENCY_CROSSOVER
meta-llama/Llama-3.2-3B-Instruct,0cb88a4f764b7a12671c53f0838cd831a0843b95,balanced,32,5,5,257.21587658698576,436.3127284859056,1.6970608537985723,2900.482880174984,1771.5515649958556,113.12320702246734,66.27532827227114,113.08408157549601,66.26064690752631,31746.900670904153,18671.760274424996,13673.4,13723.0,69.35592241597415,47.93182013272987,0,0,0,0,0,0,THROUGHPUT_CROSSOVER;LATENCY_CROSSOVER
meta-llama/Llama-3.2-3B-Instruct,0cb88a4f764b7a12671c53f0838cd831a0843b95,balanced,64,5,5,314.7110805327928,535.2737706726136,1.7013767132347977,4364.303494896881,2632.130828400007,186.1335526480923,108.97013237656454,185.86463904699124,108.79857502981834,51828.359420160414,30419.514584423967,13673.0,13723.0,79.16824529756644,59.62892630706165,0,0,0,0,0,0,THROUGHPUT_CROSSOVER;LATENCY_CROSSOVER
meta-llama/Llama-3.2-3B-Instruct,0cb88a4f764b7a12671c53f0838cd831a0843b95,prefill_heavy,1,5,5,20.923519999357207,17.299354053753518,0.8274113892626417,1576.9357776700224,907.8898923899987,35.756004026850306,51.167720925748114,35.7550507693702,51.17428283231102,6117.948289080012,7406.190449960009,13673.0,13723.0,65.60349521865584,46.762836619809754,0,0,0,0,0,0,NO_CROSSOVER_OBSERVED
meta-llama/Llama-3.2-3B-Instruct,0cb88a4f764b7a12671c53f0838cd831a0843b95,prefill_heavy,4,5,5,37.44118059850015,49.93924183276317,1.3342470218199685,4313.140711349964,2221.8710609799973,73.4712953170869,62.96876893196861,73.47000769188983,62.96748671590566,13643.99521662,10218.904715340012,13673.0,13723.0,59.203370008478394,37.2529352062444,0,0,0,0,0,0,THROUGHPUT_CROSSOVER;LATENCY_CROSSOVER
meta-llama/Llama-3.2-3B-Instruct,0cb88a4f764b7a12671c53f0838cd831a0843b95,prefill_heavy,8,5,5,43.97491830340694,74.81431280806696,1.7015976545081102,6441.143107150007,3490.1590390916754,131.91474060170574,79.57443284586604,131.9132238905508,79.6086865721914,23194.315163566636,13596.112010516666,13673.0,13723.0,62.229705657817604,39.215995823136595,0,0,0,0,0,0,THROUGHPUT_CROSSOVER;LATENCY_CROSSOVER
meta-llama/Llama-3.2-3B-Instruct,0cb88a4f764b7a12671c53f0838cd831a0843b95,prefill_heavy,16,5,5,48.34926750421824,90.06120140644303,1.8628403952175876,9404.780884025018,5042.195601462501,257.8845813322506,138.11201254133883,257.959051952037,138.15004172387268,42156.12271322085,22582.421194212533,13675.0,13725.0,75.29054793204286,53.35583931696992,0,0,0,0,0,0,THROUGHPUT_CROSSOVER;LATENCY_CROSSOVER
meta-llama/Llama-3.2-3B-Instruct,0cb88a4f764b7a12671c53f0838cd831a0843b95,prefill_heavy,32,5,5,47.765072854208846,94.8339689490757,1.9852522053698753,17609.8313063229,7783.297050849988,515.9132017703084,276.0094176570049,515.8002153173592,276.0012607550485,83130.80793115207,42836.49309328961,13675.0,13723.0,86.27714588964312,69.0396728501575,0,0,0,0,0,0,THROUGHPUT_CROSSOVER;LATENCY_CROSSOVER
meta-llama/Llama-3.2-3B-Instruct,0cb88a4f764b7a12671c53f0838cd831a0843b95,prefill_heavy,64,5,5,48.64415588661522,98.03527186006849,2.0152266398595406,87599.3779159531,13310.202009736464,536.6986722661829,545.3010402706283,536.411064327044,545.1696023082449,155760.10929375832,82563.43412410625,13675.0,13725.0,92.55458496650185,81.11934478714734,0,0,0,0,0,0,THROUGHPUT_CROSSOVER;LATENCY_CROSSOVER
meta-llama/Llama-3.2-3B-Instruct,0cb88a4f764b7a12671c53f0838cd831a0843b95,short,1,5,5,25.700237171871994,19.679009154270883,0.9239766715773673,74.07511290002276,58.910170860003745,46.61631226349245,50.66461747730126,46.614436940476914,50.66219988809475,3010.9027855000477,3250.7810719299837,13611.0,13725.0,43.68395813469469,29.65797999972973,0,0,0,0,0,0,NO_CROSSOVER_OBSERVED
meta-llama/Llama-3.2-3B-Instruct,0cb88a4f764b7a12671c53f0838cd831a0843b95,short,4,5,5,113.50489788943325,74.75043396193018,0.6587668458575443,177.14590406007346,166.61993907996703,32.53415145380886,51.31930115761911,32.52954337111045,51.31594281174622,2226.7974456500315,3399.735912009971,13611.0,13725.0,20.70900940963021,15.618566062688583,0,0,0,0,0,0,NO_CROSSOVER_OBSERVED
meta-llama/Llama-3.2-3B-Instruct,0cb88a4f764b7a12671c53f0838cd831a0843b95,short,8,5,5,193.53577445299192,145.84851971942095,0.7536407255852962,322.6765081916502,237.7455334667104,35.97807744312182,51.34028457301601,35.96979658478819,51.33709232288309,2589.295387108325,3472.183461566719,13611.0,13724.6,17.6211689978906,12.281968455493418,0,0,0,0,0,0,NO_CROSSOVER_OBSERVED
meta-llama/Llama-3.2-3B-Instruct,0cb88a4f764b7a12671c53f0838cd831a0843b95,short,16,5,5,302.6841419745097,270.82753803887033,0.8952104577554009,579.2865979999988,445.28002188753726,43.737026193518744,52.220674299800976,43.72007553088597,52.213219174867376,3334.71924819168,3735.182502774999,13673.0,13725.0,21.030213458695247,13.747353875735413,0,0,0,0,0,0,NO_CROSSOVER_OBSERVED
meta-llama/Llama-3.2-3B-Instruct,0cb88a4f764b7a12671c53f0838cd831a0843b95,short,32,5,5,418.2419601045393,479.5784600654771,1.147040143320244,940.7104165312367,670.1054360958153,61.917651498181485,56.24786581408762,61.90530842628999,56.239173738062526,4841.522460916671,4213.7209823833355,13675.0,13725.0,27.554655216027633,16.215709006209995,0,0,0,0,0,0,THROUGHPUT_CROSSOVER;LATENCY_CROSSOVER
meta-llama/Llama-3.2-3B-Instruct,0cb88a4f764b7a12671c53f0838cd831a0843b95,short,64,5,5,555.0408999448543,822.1784270032382,1.4845117371526233,1541.0214165000077,1011.8811592051983,91.53399457766206,61.69200737088308,91.51888212187515,61.673241588938595,7307.663074892717,4898.477623570832,13675.0,13725.0,35.85098637405713,19.88204971572619,0,0,0,0,0,0,THROUGHPUT_CROSSOVER;LATENCY_CROSSOVER
microsoft/Phi-4-mini-instruct,cfbefacb99257ffa30c83adab238a50856ac3083,balanced,1,5,5,20.41359394061662,12.488902087923492,0.6141872698835252,264.0946083599772,196.03810963999308,48.4294216614511,79.92756129105891,48.428935833058844,79.92987041442926,12613.597132030007,20577.566238860014,13597.0,13737.0,62.81839270235383,52.70107176206585,0,0,0,0,0,0,NO_CROSSOVER_OBSERVED
microsoft/Phi-4-mini-instruct,cfbefacb99257ffa30c83adab238a50856ac3083,balanced,4,5,5,75.91774442376193,47.48777161116611,0.6254604424692644,826.7519626600027,604.7231485299744,49.61398926247047,82.29902071517657,49.612811905215686,82.29795541152937,13478.319224589974,21590.973430899998,13597.0,13737.0,56.248757456185885,41.45513048224426,0,0,0,0,0,0,NO_CROSSOVER_OBSERVED
microsoft/Phi-4-mini-instruct,cfbefacb99257ffa30c83adab238a50856ac3083,balanced,8,5,5,120.49194132940943,94.04592528192974,0.7807443142030598,1462.4895560833238,887.3003043666964,60.71155025160131,81.802626862451,60.71033138267969,81.80160884673207,16943.934870241657,21746.970154291703,13661.0,13737.0,53.656591015908454,37.36395282348861,0,0,0,0,0,0,NO_CROSSOVER_OBSERVED
microsoft/Phi-4-mini-instruct,cfbefacb99257ffa30c83adab238a50856ac3083,balanced,16,5,5,169.87467872651027,176.43181485908224,1.0387929656591708,2382.3607708416794,1400.56395832497,84.90588575880724,85.47076696214057,84.90416651189541,85.46965966617655,24033.361639337527,23195.609533670817,13661.0,13737.0,62.222792976937626,41.73251775890089,0,0,0,0,0,0,NO_CROSSOVER_OBSERVED
microsoft/Phi-4-mini-instruct,cfbefacb99257ffa30c83adab238a50856ac3083,balanced,32,5,5,215.33513004843434,315.74303372859225,1.465558547596422,3465.985033324978,2152.448430958313,135.11466879335785,93.09566064795752,135.1124396747794,93.09378803414212,37920.22557563123,25891.841896187478,13661.4,13738.2,72.27744685604216,51.164976852177354,0,0,0,0,0,0,THROUGHPUT_CROSSOVER;LATENCY_CROSSOVER
microsoft/Phi-4-mini-instruct,cfbefacb99257ffa30c83adab238a50856ac3083,balanced,64,5,5,251.6942203831812,447.1194470225411,1.7772633659684083,5276.8941996510275,3168.203744727074,225.8469383516299,130.25151298328836,225.84361269221003,130.2472624401308,62867.86347931666,36382.3395554656,13663.0,13737.0,81.3045459729809,63.13866256708044,0,0,0,0,0,0,THROUGHPUT_CROSSOVER;LATENCY_CROSSOVER
microsoft/Phi-4-mini-instruct,cfbefacb99257ffa30c83adab238a50856ac3083,prefill_heavy,1,5,5,16.437914250396492,11.54502398082953,0.701782594354962,1869.5426650900085,1095.5431687100008,46.68943052535419,79.08098840409443,46.746950845884406,79.17922387629895,7799.100341809989,11138.828696029994,13661.0,13737.0,65.37982396879282,49.86197966917887,0,0,0,0,0,0,NO_CROSSOVER_OBSERVED
microsoft/Phi-4-mini-instruct,cfbefacb99257ffa30c83adab238a50856ac3083,prefill_heavy,4,5,5,31.406251359776615,35.156449237322505,1.1192422235287998,5242.168737080004,2736.447826649978,86.76191383007854,93.07230547622082,86.86006677828486,93.18696708365339,16260.931793499976,14556.630622130024,13661.0,13737.0,61.87784491866982,41.05276441285032,0,0,0,0,0,0,THROUGHPUT_CROSSOVER;LATENCY_CROSSOVER
microsoft/Phi-4-mini-instruct,cfbefacb99257ffa30c83adab238a50856ac3083,prefill_heavy,8,5,5,37.185574284725,54.875873542989964,1.4756839645539066,7935.908124724907,4297.530495350001,153.37374446338634,112.18809869658794,153.5612500511748,112.32559387185434,27414.373671574973,18545.419029816672,13661.0,13737.0,64.83093274711061,42.675230646543774,0,0,0,0,0,0,THROUGHPUT_CROSSOVER;LATENCY_CROSSOVER
microsoft/Phi-4-mini-instruct,cfbefacb99257ffa30c83adab238a50856ac3083,prefill_heavy,16,5,5,41.48693244097943,74.35933171931319,1.7921800949980327,11140.58437478335,6097.25726492084,298.9056536965221,167.12798574360232,299.2962332740252,167.34586758336314,49101.60239424166,27322.511454358337,13661.0,13739.0,77.03853613524603,56.443569847762966,0,0,0,0,0,0,THROUGHPUT_CROSSOVER;LATENCY_CROSSOVER
microsoft/Phi-4-mini-instruct,cfbefacb99257ffa30c83adab238a50856ac3083,prefill_heavy,32,5,5,40.44043395266015,80.44038636353807,1.98899508708254,40343.82762213956,9352.391828643758,441.3756729493439,323.4611558052165,441.9153543395287,323.85736087896174,96398.53808670625,50431.95861590626,13663.0,13737.0,87.28207867444202,70.8713600920692,0,0,0,0,0,0,THROUGHPUT_CROSSOVER;LATENCY_CROSSOVER
microsoft/Phi-4-mini-instruct,cfbefacb99257ffa30c83adab238a50856ac3083,prefill_heavy,64,5,5,40.91652105573043,83.81879960734848,2.0484613299848826,123183.9122121854,15865.802647443732,461.76801876757725,634.6649411155921,462.3313320929801,635.4451353997382,181828.45059566773,96468.25016912394,13663.0,13739.0,93.08268514234007,82.571150137214,0,0,0,0,0,0,THROUGHPUT_CROSSOVER;LATENCY_CROSSOVER
microsoft/Phi-4-mini-instruct,cfbefacb99257ffa30c83adab238a50856ac3083,short,1,5,5,20.250078853545936,12.53038886451549,0.627787408278578,99.38575122002817,92.55867491001027,49.627313240158436,79.73808051873038,49.62524634936475,79.73567947873077,3225.9064853500095,5116.057747590024,13597.0,13739.0,34.97146866145972,34.54015642391544,0,0,0,0,0,0,NO_CROSSOVER_OBSERVED
microsoft/Phi-4-mini-instruct,cfbefacb99257ffa30c83adab238a50856ac3083,short,4,5,5,78.7564531480043,46.50125408533414,0.5901583103854369,213.23518655003795,298.86274287000447,47.93821715079363,82.45673353111138,47.9334518138093,82.45358379761949,3233.342867050037,5493.636955330021,13597.0,13739.0,21.93025728613264,19.3732115004643,0,0,0,0,0,0,NO_CROSSOVER_OBSERVED
microsoft/Phi-4-mini-instruct,cfbefacb99257ffa30c83adab238a50856ac3083,short,8,5,5,148.72690650181445,93.12165071571806,0.625995067716197,377.8790441499761,399.5347607000042,47.95660395555594,80.42949306362387,47.946026636243765,80.42235208531739,3399.1450933500005,5466.592823708307,13597.0,13739.0,19.056592390824584,15.543086797936965,0,0,0,0,0,0,NO_CROSSOVER_OBSERVED
microsoft/Phi-4-mini-instruct,cfbefacb99257ffa30c83adab238a50856ac3083,short,16,5,5,252.96659457485617,176.1452794430874,0.6959535436034197,693.8347272999948,578.7875248333298,52.30095838723552,82.47188040886242,52.27694702116371,82.4636377891537,3988.7951056958323,5774.515990591662,13659.0,13739.0,22.450983974449137,16.900249895883938,0,0,0,0,0,0,NO_CROSSOVER_OBSERVED
microsoft/Phi-4-mini-instruct,cfbefacb99257ffa30c83adab238a50856ac3083,short,32,5,5,360.5023258337943,326.47879580965366,0.9058257976888673,1055.7159803833617,839.9238607000016,72.30755787093213,85.13667528128319,72.29468171917941,85.13000359100502,5611.092126252086,6203.534403420842,13661.0,13739.0,29.085952191883912,19.41297916808765,0,0,0,0,0,0,NO_CROSSOVER_OBSERVED
microsoft/Phi-4-mini-instruct,cfbefacb99257ffa30c83adab238a50856ac3083,short,64,5,5,477.25928341706083,588.5173350191147,1.236254598530661,1754.9340723468915,1231.1861447916422,106.9599908856973,89.31804519389883,106.94272578014184,89.30014468149784,8493.413498145821,6858.222992007269,13661.0,13739.0,37.669747421439055,23.470913537728325,0,0,0,0,0,0,THROUGHPUT_CROSSOVER;LATENCY_CROSSOVER
mistralai/Ministral-3-3B-Instruct-2512-BF16,b6d637bef2393152b3da2b2fde72eecdee30557e,balanced,1,5,5,25.061333398453435,17.938965541956787,0.7775575086845341,253.5924817299906,170.82247218002635,42.08685870521585,55.38128072513721,42.086375993647195,55.38066699415684,10985.741451560034,14293.049057090011,12943.0,13071.0,70.15882381952494,51.27611501986994,0,0,0,0,0,0,NO_CROSSOVER_OBSERVED
mistralai/Ministral-3-3B-Instruct-2512-BF16,b6d637bef2393152b3da2b2fde72eecdee30557e,balanced,4,5,5,89.83639157612859,68.5561949797873,0.7639367171008835,780.6359094299705,510.6358888899945,41.54527450972563,56.563080299490174,41.54403153035308,56.562426259843086,11374.680909410006,14934.22136525999,13001.0,13071.0,54.349551829493805,37.28924524040468,0,0,0,0,0,0,NO_CROSSOVER_OBSERVED
mistralai/Ministral-3-3B-Instruct-2512-BF16,b6d637bef2393152b3da2b2fde72eecdee30557e,balanced,8,5,5,140.53871690905527,132.28274077065848,0.9422546157277705,1352.0741383666823,757.734807691664,51.62244765444443,57.62260160777794,51.6213802222548,57.62179977218956,14515.798290250012,15451.49821767504,13053.0,13107.0,50.92993244168146,33.40160062686683,0,0,0,0,0,0,NO_CROSSOVER_OBSERVED
mistralai/Ministral-3-3B-Instruct-2512-BF16,b6d637bef2393152b3da2b2fde72eecdee30557e,balanced,16,5,5,201.71058004450438,246.56675387256513,1.2233540782305492,2243.230739995836,1253.5831865750026,70.53963392498365,59.88354391879086,70.53818213099676,59.882319024313766,20230.83739086667,16523.886885866672,13053.0,13107.0,58.319390036716186,38.228474019228464,0,0,0,0,0,0,THROUGHPUT_CROSSOVER;LATENCY_CROSSOVER
mistralai/Ministral-3-3B-Instruct-2512-BF16,b6d637bef2393152b3da2b2fde72eecdee30557e,balanced,32,5,5,252.15227572305048,423.9475316717384,1.6825103202795735,3292.0386040791623,1849.1492891771002,114.0729719013481,67.98523259969775,114.07096219594769,67.98304783866834,32380.646438922926,19185.383602100024,13053.0,13107.8,69.33877066079124,47.52083406346966,0,0,0,0,0,0,THROUGHPUT_CROSSOVER;LATENCY_CROSSOVER
mistralai/Ministral-3-3B-Instruct-2512-BF16,b6d637bef2393152b3da2b2fde72eecdee30557e,balanced,64,5,5,310.34321947733235,540.7016474247848,1.7428690868104808,5004.7929196395835,2751.4613932250086,186.4111565491789,107.19795326580879,186.4074811608415,107.19387111058002,52539.63783968021,30086.93947600625,13053.0,13107.0,78.29286402150066,58.55536312706799,0,0,0,0,0,0,THROUGHPUT_CROSSOVER;LATENCY_CROSSOVER
mistralai/Ministral-3-3B-Instruct-2512-BF16,b6d637bef2393152b3da2b2fde72eecdee30557e,prefill_heavy,1,5,5,19.898378252285728,16.19925456500859,0.8149367212816342,1713.515487789964,1013.5833508700034,37.12399217740205,54.22552770685079,37.123058292834784,54.22842296521998,6428.262494320024,7900.225369640054,13051.0,13107.0,65.23475124760537,47.76991985784045,0,0,0,0,0,0,NO_CROSSOVER_OBSERVED
mistralai/Ministral-3-3B-Instruct-2512-BF16,b6d637bef2393152b3da2b2fde72eecdee30557e,prefill_heavy,4,5,5,35.79826477228859,46.13186785462686,1.2896627654334694,4695.864306850012,2619.5457646000023,75.36951866393717,66.508794517165,75.36830865338584,66.5289501682145,14267.793177170033,11066.162668279958,13053.0,13107.0,60.25307052050687,38.695794960112515,0,0,0,0,0,0,THROUGHPUT_CROSSOVER;LATENCY_CROSSOVER
mistralai/Ministral-3-3B-Instruct-2512-BF16,b6d637bef2393152b3da2b2fde72eecdee30557e,prefill_heavy,8,5,5,42.15292951209399,66.77670439029058,1.5848770728210628,7077.823737658317,3935.2122423667047,134.73322660393723,88.92217891181119,134.73194686207358,88.92064643359575,24188.943516358344,15228.328964166725,13053.0,13107.0,63.053733897448275,40.806641893491644,0,0,0,0,0,0,THROUGHPUT_CROSSOVER;LATENCY_CROSSOVER
mistralai/Ministral-3-3B-Instruct-2512-BF16,b6d637bef2393152b3da2b2fde72eecdee30557e,prefill_heavy,16,5,5,46.68080081699496,83.10687077111444,1.780463285352728,10158.793437670865,5658.443817274978,263.8197485914369,148.01257756207377,263.8175203535103,148.01081420577458,43663.901508783354,24456.04116765835,13055.0,13109.0,75.01924517972802,54.01340501713205,0,0,0,0,0,0,THROUGHPUT_CROSSOVER;LATENCY_CROSSOVER
mistralai/Ministral-3-3B-Instruct-2512-BF16,b6d637bef2393152b3da2b2fde72eecdee30557e,prefill_heavy,32,5,5,45.60175794746523,88.65235824158414,1.9446628520356826,30768.65065682502,8740.879098866679,430.35322896302495,291.9585642753117,430.3503903677658,291.95636547455706,85423.5107351292,45819.61676183126,13055.0,13107.0,85.96466445885929,69.11604973445434,0,0,0,0,0,0,THROUGHPUT_CROSSOVER;LATENCY_CROSSOVER
mistralai/Ministral-3-3B-Instruct-2512-BF16,b6d637bef2393152b3da2b2fde72eecdee30557e,prefill_heavy,64,5,5,45.79666589263694,93.23311301490486,2.036408512460179,105075.24050343125,14630.864601279181,449.13974072444216,568.5451118905264,449.13643595952254,568.5406075059057,162115.9875754354,86836.09381137603,13055.0,13109.0,92.36409916597776,80.77442120855306,0,0,0,0,0,0,THROUGHPUT_CROSSOVER;LATENCY_CROSSOVER
mistralai/Ministral-3-3B-Instruct-2512-BF16,b6d637bef2393152b3da2b2fde72eecdee30557e,short,1,5,5,25.92625781157737,17.370700930231333,0.7099299237261674,75.86506478994465,66.08681154997612,40.38355386603223,57.38891007793698,40.381629232381705,57.38623040920678,2620.0289583499753,3681.588146460005,12945.0,13073.0,37.30375656047345,30.906635128650002,0,0,0,0,0,0,NO_CROSSOVER_OBSERVED
mistralai/Ministral-3-3B-Instruct-2512-BF16,b6d637bef2393152b3da2b2fde72eecdee30557e,short,4,5,5,104.32980770990685,64.8016969173943,0.6210053595653491,188.96060003001935,267.25625431000253,35.439386041586246,58.00786329142867,35.43564032111106,58.004622878571396,2421.641920649953,3921.751641670008,12947.0,13073.0,22.76773201688604,17.192755768729956,0,0,0,0,0,0,NO_CROSSOVER_OBSERVED
mistralai/Ministral-3-3B-Instruct-2512-BF16,b6d637bef2393152b3da2b2fde72eecdee30557e,short,8,5,5,182.75671610697506,127.87243213125018,0.6998020412948035,343.4171149999903,285.56738709167655,38.13710758690515,58.40541534933808,38.12563259629631,58.39947230925933,2746.054892975015,3965.108554099976,12947.0,13073.0,19.921796846674034,14.518949700334748,0,0,0,0,0,0,NO_CROSSOVER_OBSERVED
mistralai/Ministral-3-3B-Instruct-2512-BF16,b6d637bef2393152b3da2b2fde72eecdee30557e,short,16,5,5,299.9756400143232,240.92318618430463,0.8036178225058264,641.9881908541441,488.06509619167474,43.252823281151,58.904002035052926,43.22671004834692,58.894235586838704,3366.9160575666574,4199.01722440001,13049.0,13100.2,22.151467854317676,15.664381082224233,0,0,0,0,0,0,NO_CROSSOVER_OBSERVED
mistralai/Ministral-3-3B-Instruct-2512-BF16,b6d637bef2393152b3da2b2fde72eecdee30557e,short,32,5,5,404.0461262753208,441.8334066047616,1.0948092731174566,1023.4497420333184,725.9281231416446,63.28699796746046,61.066922872123214,63.27323274953726,61.053036312665256,5010.530613983328,4573.1442640854075,13055.0,13110.2,28.739847522583624,17.90300882822021,0,0,0,0,0,0,THROUGHPUT_CROSSOVER;LATENCY_CROSSOVER
mistralai/Ministral-3-3B-Instruct-2512-BF16,b6d637bef2393152b3da2b2fde72eecdee30557e,short,64,5,5,538.9618113044655,759.6337939942711,1.4129871766546926,1684.4641067041655,1039.5826079135327,92.47684300995377,67.55584142389243,92.46004013103513,67.53869040489413,7510.505216331253,5295.600617618757,13055.0,13109.8,36.14670785440613,21.336368816769085,0,0,0,0,0,0,THROUGHPUT_CROSSOVER;LATENCY_CROSSOVER
