model_id,model_revision,workload,concurrency,tp,repetitions,maximum_vram_mib_mean,maximum_system_ram_bytes_mean,gpu_utilization_percent_mean,mean_power_w,maximum_temperature_c_mean,request_failures_mean,oom_repetitions,resource_boundary_repetitions
Qwen/Qwen2.5-3B-Instruct,aa8e72537993ba99e69dfaafa59ed015b17504d1,balanced,1,1,5,13643.0,5549600768.0,58.806379060095914,50.582317402568535,78.6,0.0,0,0
Qwen/Qwen2.5-3B-Instruct,aa8e72537993ba99e69dfaafa59ed015b17504d1,balanced,1,2,5,13751.0,7492959436.8,49.80330761603714,47.37935079312981,80.0,0.0,0,0
Qwen/Qwen2.5-3B-Instruct,aa8e72537993ba99e69dfaafa59ed015b17504d1,balanced,4,1,5,13711.0,4484627660.8,45.596586851400005,43.6855610554722,78.4,0.0,0,0
Qwen/Qwen2.5-3B-Instruct,aa8e72537993ba99e69dfaafa59ed015b17504d1,balanced,4,2,5,13753.0,7447355392.0,37.18283919969842,38.526503084935904,77.8,0.0,0,0
Qwen/Qwen2.5-3B-Instruct,aa8e72537993ba99e69dfaafa59ed015b17504d1,balanced,8,1,5,13731.0,4471194419.2,43.25426856352279,40.17910718897419,77.4,0.0,0,0
Qwen/Qwen2.5-3B-Instruct,aa8e72537993ba99e69dfaafa59ed015b17504d1,balanced,8,2,5,13797.0,7402857267.2,33.252523030872204,35.98265216481525,77.0,0.0,0,0
Qwen/Qwen2.5-3B-Instruct,aa8e72537993ba99e69dfaafa59ed015b17504d1,balanced,16,1,5,13731.0,4494683340.8,50.36609567684227,43.09891825230314,78.2,0.0,0,0
Qwen/Qwen2.5-3B-Instruct,aa8e72537993ba99e69dfaafa59ed015b17504d1,balanced,16,2,5,13796.6,7448617779.2,35.7109719600053,38.13066402183384,78.0,0.0,0,0
Qwen/Qwen2.5-3B-Instruct,aa8e72537993ba99e69dfaafa59ed015b17504d1,balanced,32,1,5,13734.2,4469453619.2,60.53653419542108,47.56080511813036,78.6,0.0,0,0
Qwen/Qwen2.5-3B-Instruct,aa8e72537993ba99e69dfaafa59ed015b17504d1,balanced,32,2,5,13797.8,7433581363.2,41.34693029485759,41.68118249699671,78.6,0.0,0,0
Qwen/Qwen2.5-3B-Instruct,aa8e72537993ba99e69dfaafa59ed015b17504d1,balanced,64,1,5,13979.4,4482488729.6,70.44254643526361,52.872832009968455,79.6,0.0,0,0
Qwen/Qwen2.5-3B-Instruct,aa8e72537993ba99e69dfaafa59ed015b17504d1,balanced,64,2,5,14771.8,7443991756.8,50.459548848642505,45.233849144371035,79.2,0.0,0,0
Qwen/Qwen2.5-3B-Instruct,aa8e72537993ba99e69dfaafa59ed015b17504d1,prefill_heavy,1,1,5,13729.0,4857595494.4,56.56003449408588,48.26106449934446,78.0,0.0,0,0
Qwen/Qwen2.5-3B-Instruct,aa8e72537993ba99e69dfaafa59ed015b17504d1,prefill_heavy,1,2,5,13795.0,7489357414.4,45.955853627887564,44.1787350912197,78.8,0.0,0,0
Qwen/Qwen2.5-3B-Instruct,aa8e72537993ba99e69dfaafa59ed015b17504d1,prefill_heavy,4,1,5,13731.0,4497661952.0,52.771566641535856,42.794098198091696,78.2,0.0,0,0
Qwen/Qwen2.5-3B-Instruct,aa8e72537993ba99e69dfaafa59ed015b17504d1,prefill_heavy,4,2,5,13797.0,7473813094.4,35.77183782701463,36.62344524185663,77.4,0.0,0,0
Qwen/Qwen2.5-3B-Instruct,aa8e72537993ba99e69dfaafa59ed015b17504d1,prefill_heavy,8,1,5,13731.0,4490910105.6,55.08869880049974,43.456316397504494,78.0,0.0,0,0
Qwen/Qwen2.5-3B-Instruct,aa8e72537993ba99e69dfaafa59ed015b17504d1,prefill_heavy,8,2,5,13797.0,7467257036.8,35.01086531134342,36.52796195864426,77.2,0.0,0,0
Qwen/Qwen2.5-3B-Instruct,aa8e72537993ba99e69dfaafa59ed015b17504d1,prefill_heavy,16,1,5,13735.0,4525131366.4,68.36723401635831,49.02656641493441,79.0,0.0,0,0
Qwen/Qwen2.5-3B-Instruct,aa8e72537993ba99e69dfaafa59ed015b17504d1,prefill_heavy,16,2,5,13799.0,7488235929.6,45.57032440175033,41.945266082280014,79.0,0.0,0,0
Qwen/Qwen2.5-3B-Instruct,aa8e72537993ba99e69dfaafa59ed015b17504d1,prefill_heavy,32,1,5,13733.0,4529787699.2,80.15450505339292,53.52777985807012,79.4,0.0,0,0
Qwen/Qwen2.5-3B-Instruct,aa8e72537993ba99e69dfaafa59ed015b17504d1,prefill_heavy,32,2,5,13797.0,7490380595.2,60.37985872036445,48.51939856042782,80.0,0.0,0,0
Qwen/Qwen2.5-3B-Instruct,aa8e72537993ba99e69dfaafa59ed015b17504d1,prefill_heavy,64,1,5,14253.0,4511046860.8,88.6460390576649,56.83526673397811,79.8,0.0,0,0
Qwen/Qwen2.5-3B-Instruct,aa8e72537993ba99e69dfaafa59ed015b17504d1,prefill_heavy,64,2,5,14895.0,7478286745.6,27.8203564732493,29.964492303869527,79.0,192.0,0,5
Qwen/Qwen2.5-3B-Instruct,aa8e72537993ba99e69dfaafa59ed015b17504d1,short,1,1,5,13645.0,5778890752.0,24.112031123703296,34.0607703108917,68.2,0.0,0,0
Qwen/Qwen2.5-3B-Instruct,aa8e72537993ba99e69dfaafa59ed015b17504d1,short,1,2,5,13753.0,7542925721.6,30.459306558080293,36.012911442893156,74.8,0.0,0,0
Qwen/Qwen2.5-3B-Instruct,aa8e72537993ba99e69dfaafa59ed015b17504d1,short,4,1,5,13647.0,4486946816.0,18.98223359380605,30.512027524166893,72.2,0.0,0,0
Qwen/Qwen2.5-3B-Instruct,aa8e72537993ba99e69dfaafa59ed015b17504d1,short,4,2,5,13753.0,7438505574.4,17.129970354889295,27.919365038926202,69.2,0.0,0,0
Qwen/Qwen2.5-3B-Instruct,aa8e72537993ba99e69dfaafa59ed015b17504d1,short,8,1,5,13647.0,4470555443.2,16.461538320562827,27.93488562833146,67.6,0.0,0,0
Qwen/Qwen2.5-3B-Instruct,aa8e72537993ba99e69dfaafa59ed015b17504d1,short,8,2,5,13753.4,7405569638.4,13.595644680013596,25.40895785208819,66.2,0.0,0,0
Qwen/Qwen2.5-3B-Instruct,aa8e72537993ba99e69dfaafa59ed015b17504d1,short,16,1,5,13729.0,4490634854.4,18.13451911251857,28.973023615657773,65.8,0.0,0,0
Qwen/Qwen2.5-3B-Instruct,aa8e72537993ba99e69dfaafa59ed015b17504d1,short,16,2,5,13795.0,7446135603.2,14.523506216310812,26.326463681170093,65.2,0.0,0,0
Qwen/Qwen2.5-3B-Instruct,aa8e72537993ba99e69dfaafa59ed015b17504d1,short,32,1,5,13733.0,4453407129.6,24.51289465273206,31.373401377714327,66.6,0.0,0,0
Qwen/Qwen2.5-3B-Instruct,aa8e72537993ba99e69dfaafa59ed015b17504d1,short,32,2,5,13797.0,7431989657.6,17.055530270890138,27.800707527052786,67.4,0.0,0,0
Qwen/Qwen2.5-3B-Instruct,aa8e72537993ba99e69dfaafa59ed015b17504d1,short,64,1,5,13809.4,4513873100.8,31.776794106689447,33.976265512399486,69.4,0.0,0,0
Qwen/Qwen2.5-3B-Instruct,aa8e72537993ba99e69dfaafa59ed015b17504d1,short,64,2,5,14108.2,7430848512.0,19.970895016590326,29.74175319818493,70.6,0.0,0,0
meta-llama/Llama-3.2-3B-Instruct,0cb88a4f764b7a12671c53f0838cd831a0843b95,balanced,1,1,5,13609.0,5319897907.2,71.35142188879982,51.9751263188961,81.0,0.0,0,0
meta-llama/Llama-3.2-3B-Instruct,0cb88a4f764b7a12671c53f0838cd831a0843b95,balanced,1,2,5,13723.0,7537785241.6,50.30802349725197,50.393645187213835,82.0,0.0,0,0
meta-llama/Llama-3.2-3B-Instruct,0cb88a4f764b7a12671c53f0838cd831a0843b95,balanced,4,1,5,13659.0,4792571494.4,53.39259169250221,45.09896336942225,81.4,0.0,0,0
meta-llama/Llama-3.2-3B-Instruct,0cb88a4f764b7a12671c53f0838cd831a0843b95,balanced,4,2,5,13723.0,7477643673.6,36.640324313079354,41.241899931378676,81.6,0.0,0,0
meta-llama/Llama-3.2-3B-Instruct,0cb88a4f764b7a12671c53f0838cd831a0843b95,balanced,8,1,5,13673.0,4792635392.0,50.3037009058347,43.47355623977988,81.2,0.0,0,0
meta-llama/Llama-3.2-3B-Instruct,0cb88a4f764b7a12671c53f0838cd831a0843b95,balanced,8,2,5,13723.0,7448365465.6,32.285431852124404,38.12192356630404,81.8,0.0,0,0
meta-llama/Llama-3.2-3B-Instruct,0cb88a4f764b7a12671c53f0838cd831a0843b95,balanced,16,1,5,13673.0,4707611443.2,58.1095231122571,46.922527186592404,81.4,0.0,0,0
meta-llama/Llama-3.2-3B-Instruct,0cb88a4f764b7a12671c53f0838cd831a0843b95,balanced,16,2,5,13723.0,7451364556.8,37.11610139231751,40.197108152425834,81.8,0.0,0,0
meta-llama/Llama-3.2-3B-Instruct,0cb88a4f764b7a12671c53f0838cd831a0843b95,balanced,32,1,5,13673.4,4819725516.8,69.35592241597415,52.00812446558639,81.6,0.0,0,0
meta-llama/Llama-3.2-3B-Instruct,0cb88a4f764b7a12671c53f0838cd831a0843b95,balanced,32,2,5,13723.0,7472947200.0,47.93182013272987,42.50784282626248,81.6,0.0,0,0
meta-llama/Llama-3.2-3B-Instruct,0cb88a4f764b7a12671c53f0838cd831a0843b95,balanced,64,1,5,13673.0,4771864576.0,79.16824529756644,56.43716851514639,81.6,0.0,0,0
meta-llama/Llama-3.2-3B-Instruct,0cb88a4f764b7a12671c53f0838cd831a0843b95,balanced,64,2,5,13723.0,7474773196.8,59.62892630706165,48.018783196402985,81.6,0.0,0,0
meta-llama/Llama-3.2-3B-Instruct,0cb88a4f764b7a12671c53f0838cd831a0843b95,prefill_heavy,1,1,5,13673.0,4964815667.2,65.60349521865584,49.28363983968113,81.2,0.0,0,0
meta-llama/Llama-3.2-3B-Instruct,0cb88a4f764b7a12671c53f0838cd831a0843b95,prefill_heavy,1,2,5,13723.0,7485545676.8,46.762836619809754,47.13344949117571,82.0,0.0,0,0
meta-llama/Llama-3.2-3B-Instruct,0cb88a4f764b7a12671c53f0838cd831a0843b95,prefill_heavy,4,1,5,13673.0,4847366963.2,59.203370008478394,46.42916822766806,81.8,0.0,0,0
meta-llama/Llama-3.2-3B-Instruct,0cb88a4f764b7a12671c53f0838cd831a0843b95,prefill_heavy,4,2,5,13723.0,7427719168.0,37.2529352062444,39.6016113752623,81.8,0.0,0,0
meta-llama/Llama-3.2-3B-Instruct,0cb88a4f764b7a12671c53f0838cd831a0843b95,prefill_heavy,8,1,5,13673.0,4739393126.4,62.229705657817604,47.40797123941188,81.8,0.0,0,0
meta-llama/Llama-3.2-3B-Instruct,0cb88a4f764b7a12671c53f0838cd831a0843b95,prefill_heavy,8,2,5,13723.0,7436294553.6,39.215995823136595,39.00094040975072,81.8,0.0,0,0
meta-llama/Llama-3.2-3B-Instruct,0cb88a4f764b7a12671c53f0838cd831a0843b95,prefill_heavy,16,1,5,13675.0,4765155328.0,75.29054793204286,52.545475295520966,81.8,0.0,0,0
meta-llama/Llama-3.2-3B-Instruct,0cb88a4f764b7a12671c53f0838cd831a0843b95,prefill_heavy,16,2,5,13725.0,7445628518.4,53.35583931696992,44.847038170340525,81.8,0.0,0,0
meta-llama/Llama-3.2-3B-Instruct,0cb88a4f764b7a12671c53f0838cd831a0843b95,prefill_heavy,32,1,5,13675.0,4680597504.0,86.27714588964312,57.530278591448585,82.0,0.0,0,0
meta-llama/Llama-3.2-3B-Instruct,0cb88a4f764b7a12671c53f0838cd831a0843b95,prefill_heavy,32,2,5,13723.0,7475905331.2,69.0396728501575,52.00190615339062,81.4,0.0,0,0
meta-llama/Llama-3.2-3B-Instruct,0cb88a4f764b7a12671c53f0838cd831a0843b95,prefill_heavy,64,1,5,13675.0,4729821593.6,92.55458496650185,60.26347913060185,82.2,0.0,0,0
meta-llama/Llama-3.2-3B-Instruct,0cb88a4f764b7a12671c53f0838cd831a0843b95,prefill_heavy,64,2,5,13725.0,7514353664.0,81.11934478714734,57.43482200385638,82.0,0.0,0,0
meta-llama/Llama-3.2-3B-Instruct,0cb88a4f764b7a12671c53f0838cd831a0843b95,short,1,1,5,13611.0,5186288025.6,43.68395813469469,38.29231756695124,75.4,0.0,0,0
meta-llama/Llama-3.2-3B-Instruct,0cb88a4f764b7a12671c53f0838cd831a0843b95,short,1,2,5,13725.0,7546365542.4,29.65797999972973,37.361719393136866,80.8,0.0,0,0
meta-llama/Llama-3.2-3B-Instruct,0cb88a4f764b7a12671c53f0838cd831a0843b95,short,4,1,5,13611.0,4760509644.8,20.70900940963021,29.89475219415856,74.4,0.0,0,0
meta-llama/Llama-3.2-3B-Instruct,0cb88a4f764b7a12671c53f0838cd831a0843b95,short,4,2,5,13725.0,7482376192.0,15.618566062688583,28.339578020797127,75.8,0.0,0,0
meta-llama/Llama-3.2-3B-Instruct,0cb88a4f764b7a12671c53f0838cd831a0843b95,short,8,1,5,13611.0,4797978214.4,17.6211689978906,28.812572015185445,75.2,0.0,0,0
meta-llama/Llama-3.2-3B-Instruct,0cb88a4f764b7a12671c53f0838cd831a0843b95,short,8,2,5,13724.6,7453482188.8,12.281968455493418,26.563275228373413,75.0,0.0,0,0
meta-llama/Llama-3.2-3B-Instruct,0cb88a4f764b7a12671c53f0838cd831a0843b95,short,16,1,5,13673.0,4738839347.2,21.030213458695247,30.95758405781705,75.8,0.0,0,0
meta-llama/Llama-3.2-3B-Instruct,0cb88a4f764b7a12671c53f0838cd831a0843b95,short,16,2,5,13725.0,7473273241.6,13.747353875735413,27.930435524685038,76.6,0.0,0,0
meta-llama/Llama-3.2-3B-Instruct,0cb88a4f764b7a12671c53f0838cd831a0843b95,short,32,1,5,13675.0,4935409664.0,27.554655216027633,33.377185550862414,77.8,0.0,0,0
meta-llama/Llama-3.2-3B-Instruct,0cb88a4f764b7a12671c53f0838cd831a0843b95,short,32,2,5,13725.0,7498579968.0,16.215709006209995,28.829222035972332,78.0,0.0,0,0
meta-llama/Llama-3.2-3B-Instruct,0cb88a4f764b7a12671c53f0838cd831a0843b95,short,64,1,5,13675.0,4798722048.0,35.85098637405713,37.81291541678049,81.2,0.0,0,0
meta-llama/Llama-3.2-3B-Instruct,0cb88a4f764b7a12671c53f0838cd831a0843b95,short,64,2,5,13725.0,7495063142.4,19.88204971572619,28.952266057188798,80.0,0.0,0,0
microsoft/Phi-4-mini-instruct,cfbefacb99257ffa30c83adab238a50856ac3083,balanced,1,1,5,13597.0,5771726848.0,62.81839270235383,53.30660487085402,80.4,0.0,0,0
microsoft/Phi-4-mini-instruct,cfbefacb99257ffa30c83adab238a50856ac3083,balanced,1,2,5,13737.0,7747490611.2,52.70107176206585,48.807686036239694,81.6,0.0,0,0
microsoft/Phi-4-mini-instruct,cfbefacb99257ffa30c83adab238a50856ac3083,balanced,4,1,5,13597.0,5259911168.0,56.248757456185885,46.574617332922834,81.0,0.0,0,0
microsoft/Phi-4-mini-instruct,cfbefacb99257ffa30c83adab238a50856ac3083,balanced,4,2,5,13737.0,7714511257.6,41.45513048224426,40.83955661937761,81.8,0.0,0,0
microsoft/Phi-4-mini-instruct,cfbefacb99257ffa30c83adab238a50856ac3083,balanced,8,1,5,13661.0,5257129164.8,53.656591015908454,44.807283507635624,81.4,0.0,0,0
microsoft/Phi-4-mini-instruct,cfbefacb99257ffa30c83adab238a50856ac3083,balanced,8,2,5,13737.0,7698667929.6,37.36395282348861,39.60648660921801,81.8,0.0,0,0
microsoft/Phi-4-mini-instruct,cfbefacb99257ffa30c83adab238a50856ac3083,balanced,16,1,5,13661.0,5255659520.0,62.222792976937626,48.59547177575977,81.6,0.0,0,0
microsoft/Phi-4-mini-instruct,cfbefacb99257ffa30c83adab238a50856ac3083,balanced,16,2,5,13737.0,7713520844.8,41.73251775890089,42.41584869587748,81.8,0.0,0,0
microsoft/Phi-4-mini-instruct,cfbefacb99257ffa30c83adab238a50856ac3083,balanced,32,1,5,13661.4,5274014515.2,72.27744685604216,52.91080441571696,81.4,0.0,0,0
microsoft/Phi-4-mini-instruct,cfbefacb99257ffa30c83adab238a50856ac3083,balanced,32,2,5,13738.2,7733805875.2,51.164976852177354,45.26000299509789,81.4,0.0,0,0
microsoft/Phi-4-mini-instruct,cfbefacb99257ffa30c83adab238a50856ac3083,balanced,64,1,5,13663.0,5269843148.8,81.3045459729809,57.060584641830545,81.6,0.0,0,0
microsoft/Phi-4-mini-instruct,cfbefacb99257ffa30c83adab238a50856ac3083,balanced,64,2,5,13737.0,7724626739.2,63.13866256708044,49.37080905152513,81.6,0.0,0,0
microsoft/Phi-4-mini-instruct,cfbefacb99257ffa30c83adab238a50856ac3083,prefill_heavy,1,1,5,13661.0,5641555968.0,65.37982396879282,49.99134825979024,80.8,0.0,0,0
microsoft/Phi-4-mini-instruct,cfbefacb99257ffa30c83adab238a50856ac3083,prefill_heavy,1,2,5,13737.0,7696760832.0,49.86197966917887,46.820175584724915,81.0,0.0,0,0
microsoft/Phi-4-mini-instruct,cfbefacb99257ffa30c83adab238a50856ac3083,prefill_heavy,4,1,5,13661.0,5225249996.8,61.87784491866982,46.85966965980755,81.6,0.0,0,0
microsoft/Phi-4-mini-instruct,cfbefacb99257ffa30c83adab238a50856ac3083,prefill_heavy,4,2,5,13737.0,7658148659.2,41.05276441285032,41.15576623233897,81.6,0.0,0,0
microsoft/Phi-4-mini-instruct,cfbefacb99257ffa30c83adab238a50856ac3083,prefill_heavy,8,1,5,13661.0,5202568806.4,64.83093274711061,48.006015955297485,81.6,0.0,0,0
microsoft/Phi-4-mini-instruct,cfbefacb99257ffa30c83adab238a50856ac3083,prefill_heavy,8,2,5,13737.0,7654153420.8,42.675230646543774,40.915654694121905,81.4,0.0,0,0
microsoft/Phi-4-mini-instruct,cfbefacb99257ffa30c83adab238a50856ac3083,prefill_heavy,16,1,5,13661.0,5218744729.6,77.03853613524603,53.24987919387879,81.2,0.0,0,0
microsoft/Phi-4-mini-instruct,cfbefacb99257ffa30c83adab238a50856ac3083,prefill_heavy,16,2,5,13739.0,7677715251.2,56.443569847762966,46.27959922354121,81.4,0.0,0,0
microsoft/Phi-4-mini-instruct,cfbefacb99257ffa30c83adab238a50856ac3083,prefill_heavy,32,1,5,13663.0,5223768064.0,87.28207867444202,57.88215359177586,81.6,0.0,0,0
microsoft/Phi-4-mini-instruct,cfbefacb99257ffa30c83adab238a50856ac3083,prefill_heavy,32,2,5,13737.0,7697278566.4,70.8713600920692,52.77256134537795,81.2,0.0,0,0
microsoft/Phi-4-mini-instruct,cfbefacb99257ffa30c83adab238a50856ac3083,prefill_heavy,64,1,5,13663.0,5221330944.0,93.08268514234007,61.008362712597204,81.4,0.0,0,0
microsoft/Phi-4-mini-instruct,cfbefacb99257ffa30c83adab238a50856ac3083,prefill_heavy,64,2,5,13739.0,7740567552.0,82.571150137214,58.09888056853238,81.2,0.0,0,0
microsoft/Phi-4-mini-instruct,cfbefacb99257ffa30c83adab238a50856ac3083,short,1,1,5,13597.0,5716792115.2,34.97146866145972,39.403522940201654,76.4,0.0,0,0
microsoft/Phi-4-mini-instruct,cfbefacb99257ffa30c83adab238a50856ac3083,short,1,2,5,13739.0,7725208371.2,34.54015642391544,38.53076620493225,80.8,0.0,0,0
microsoft/Phi-4-mini-instruct,cfbefacb99257ffa30c83adab238a50856ac3083,short,4,1,5,13597.0,5273914572.8,21.93025728613264,32.11916730387233,74.6,0.0,0,0
microsoft/Phi-4-mini-instruct,cfbefacb99257ffa30c83adab238a50856ac3083,short,4,2,5,13739.0,7727571763.2,19.3732115004643,29.232699968427266,75.0,0.0,0,0
microsoft/Phi-4-mini-instruct,cfbefacb99257ffa30c83adab238a50856ac3083,short,8,1,5,13597.0,5283122380.8,19.056592390824584,30.033323894983766,73.4,0.0,0,0
microsoft/Phi-4-mini-instruct,cfbefacb99257ffa30c83adab238a50856ac3083,short,8,2,5,13739.0,7704369561.6,15.543086797936965,26.901564876389216,72.4,0.0,0,0
microsoft/Phi-4-mini-instruct,cfbefacb99257ffa30c83adab238a50856ac3083,short,16,1,5,13659.0,5296027238.4,22.450983974449137,30.91213184822265,72.6,0.0,0,0
microsoft/Phi-4-mini-instruct,cfbefacb99257ffa30c83adab238a50856ac3083,short,16,2,5,13739.0,7674613760.0,16.900249895883938,27.94503457247768,73.2,0.0,0,0
microsoft/Phi-4-mini-instruct,cfbefacb99257ffa30c83adab238a50856ac3083,short,32,1,5,13661.0,5239717888.0,29.085952191883912,33.35433759956267,74.2,0.0,0,0
microsoft/Phi-4-mini-instruct,cfbefacb99257ffa30c83adab238a50856ac3083,short,32,2,5,13739.0,7663181004.8,19.41297916808765,29.89300439886723,75.8,0.0,0,0
microsoft/Phi-4-mini-instruct,cfbefacb99257ffa30c83adab238a50856ac3083,short,64,1,5,13661.0,5236273152.0,37.669747421439055,38.076810036051576,79.0,0.0,0,0
microsoft/Phi-4-mini-instruct,cfbefacb99257ffa30c83adab238a50856ac3083,short,64,2,5,13739.0,7627137024.0,23.470913537728325,31.06226869875257,78.8,0.0,0,0
mistralai/Ministral-3-3B-Instruct-2512-BF16,b6d637bef2393152b3da2b2fde72eecdee30557e,balanced,1,1,5,12943.0,6078241996.8,70.15882381952494,51.36010235347322,80.6,0.0,0,0
mistralai/Ministral-3-3B-Instruct-2512-BF16,b6d637bef2393152b3da2b2fde72eecdee30557e,balanced,1,2,5,13071.0,8207561523.2,51.27611501986994,49.4225200000195,81.8,0.0,0,0
mistralai/Ministral-3-3B-Instruct-2512-BF16,b6d637bef2393152b3da2b2fde72eecdee30557e,balanced,4,1,5,13001.0,5729538867.2,54.349551829493805,44.45825824573967,81.6,0.0,0,0
mistralai/Ministral-3-3B-Instruct-2512-BF16,b6d637bef2393152b3da2b2fde72eecdee30557e,balanced,4,2,5,13071.0,8249919897.6,37.28924524040468,40.09545543532586,81.8,0.0,0,0
mistralai/Ministral-3-3B-Instruct-2512-BF16,b6d637bef2393152b3da2b2fde72eecdee30557e,balanced,8,1,5,13053.0,5694237081.6,50.92993244168146,42.61537481755408,81.4,0.0,0,0
mistralai/Ministral-3-3B-Instruct-2512-BF16,b6d637bef2393152b3da2b2fde72eecdee30557e,balanced,8,2,5,13107.0,8245936947.2,33.40160062686683,37.39861849487518,81.8,0.0,0,0
mistralai/Ministral-3-3B-Instruct-2512-BF16,b6d637bef2393152b3da2b2fde72eecdee30557e,balanced,16,1,5,13053.0,5548744704.0,58.319390036716186,46.13386122399258,81.2,0.0,0,0
mistralai/Ministral-3-3B-Instruct-2512-BF16,b6d637bef2393152b3da2b2fde72eecdee30557e,balanced,16,2,5,13107.0,8266334208.0,38.228474019228464,39.92067970969093,81.8,0.0,0,0
mistralai/Ministral-3-3B-Instruct-2512-BF16,b6d637bef2393152b3da2b2fde72eecdee30557e,balanced,32,1,5,13053.0,5659925708.8,69.33877066079124,51.21047752463785,81.4,0.0,0,0
mistralai/Ministral-3-3B-Instruct-2512-BF16,b6d637bef2393152b3da2b2fde72eecdee30557e,balanced,32,2,5,13107.8,8313231769.6,47.52083406346966,42.099334127908115,81.8,0.0,0,0
mistralai/Ministral-3-3B-Instruct-2512-BF16,b6d637bef2393152b3da2b2fde72eecdee30557e,balanced,64,1,5,13053.0,5668337254.4,78.29286402150066,54.83963206807512,82.0,0.0,0,0
mistralai/Ministral-3-3B-Instruct-2512-BF16,b6d637bef2393152b3da2b2fde72eecdee30557e,balanced,64,2,5,13107.0,8260170547.2,58.55536312706799,47.1439763601788,81.8,0.0,0,0
mistralai/Ministral-3-3B-Instruct-2512-BF16,b6d637bef2393152b3da2b2fde72eecdee30557e,prefill_heavy,1,1,5,13051.0,5972812595.2,65.23475124760537,48.79724368766755,81.0,0.0,0,0
mistralai/Ministral-3-3B-Instruct-2512-BF16,b6d637bef2393152b3da2b2fde72eecdee30557e,prefill_heavy,1,2,5,13107.0,8181560115.2,47.76991985784045,46.50232849622042,81.8,0.0,0,0
mistralai/Ministral-3-3B-Instruct-2512-BF16,b6d637bef2393152b3da2b2fde72eecdee30557e,prefill_heavy,4,1,5,13053.0,5545146777.6,60.25307052050687,47.04136613847769,81.8,0.0,0,0
mistralai/Ministral-3-3B-Instruct-2512-BF16,b6d637bef2393152b3da2b2fde72eecdee30557e,prefill_heavy,4,2,5,13107.0,8212423475.2,38.695794960112515,39.19680214701968,81.8,0.0,0,0
mistralai/Ministral-3-3B-Instruct-2512-BF16,b6d637bef2393152b3da2b2fde72eecdee30557e,prefill_heavy,8,1,5,13053.0,5519787622.4,63.053733897448275,47.95054466922175,81.8,0.0,0,0
mistralai/Ministral-3-3B-Instruct-2512-BF16,b6d637bef2393152b3da2b2fde72eecdee30557e,prefill_heavy,8,2,5,13107.0,8239281766.4,40.806641893491644,39.226982649319226,81.8,0.0,0,0
mistralai/Ministral-3-3B-Instruct-2512-BF16,b6d637bef2393152b3da2b2fde72eecdee30557e,prefill_heavy,16,1,5,13055.0,5470467686.4,75.01924517972802,53.19919162768298,82.2,0.0,0,0
mistralai/Ministral-3-3B-Instruct-2512-BF16,b6d637bef2393152b3da2b2fde72eecdee30557e,prefill_heavy,16,2,5,13109.0,8239399731.2,54.01340501713205,44.12642848743614,81.4,0.0,0,0
mistralai/Ministral-3-3B-Instruct-2512-BF16,b6d637bef2393152b3da2b2fde72eecdee30557e,prefill_heavy,32,1,5,13055.0,5542593331.2,85.96466445885929,58.47450408197993,81.8,0.0,0,0
mistralai/Ministral-3-3B-Instruct-2512-BF16,b6d637bef2393152b3da2b2fde72eecdee30557e,prefill_heavy,32,2,5,13107.0,8211034112.0,69.11604973445434,51.29857150625766,81.8,0.0,0,0
mistralai/Ministral-3-3B-Instruct-2512-BF16,b6d637bef2393152b3da2b2fde72eecdee30557e,prefill_heavy,64,1,5,13055.0,5607986790.4,92.36409916597776,61.288030643212686,82.0,0.0,0,0
mistralai/Ministral-3-3B-Instruct-2512-BF16,b6d637bef2393152b3da2b2fde72eecdee30557e,prefill_heavy,64,2,5,13109.0,8181174272.0,80.77442120855306,57.46138889864991,82.2,0.0,0,0
mistralai/Ministral-3-3B-Instruct-2512-BF16,b6d637bef2393152b3da2b2fde72eecdee30557e,short,1,1,5,12945.0,6134747136.0,37.30375656047345,36.576527099384975,76.6,0.0,0,0
mistralai/Ministral-3-3B-Instruct-2512-BF16,b6d637bef2393152b3da2b2fde72eecdee30557e,short,1,2,5,13073.0,8140188876.8,30.906635128650002,36.826831118998726,81.4,0.0,0,0
mistralai/Ministral-3-3B-Instruct-2512-BF16,b6d637bef2393152b3da2b2fde72eecdee30557e,short,4,1,5,12947.0,5549513113.6,22.76773201688604,29.536265052347932,75.4,0.0,0,0
mistralai/Ministral-3-3B-Instruct-2512-BF16,b6d637bef2393152b3da2b2fde72eecdee30557e,short,4,2,5,13073.0,8197881856.0,17.192755768729956,27.556414595209144,74.4,0.0,0,0
mistralai/Ministral-3-3B-Instruct-2512-BF16,b6d637bef2393152b3da2b2fde72eecdee30557e,short,8,1,5,12947.0,5571280896.0,19.921796846674034,27.994492776994566,73.4,0.0,0,0
mistralai/Ministral-3-3B-Instruct-2512-BF16,b6d637bef2393152b3da2b2fde72eecdee30557e,short,8,2,5,13073.0,8207708160.0,14.518949700334748,25.565705782572145,73.0,0.0,0,0
mistralai/Ministral-3-3B-Instruct-2512-BF16,b6d637bef2393152b3da2b2fde72eecdee30557e,short,16,1,5,13049.0,5601662566.4,22.151467854317676,30.026747995085337,73.4,0.0,0,0
mistralai/Ministral-3-3B-Instruct-2512-BF16,b6d637bef2393152b3da2b2fde72eecdee30557e,short,16,2,5,13100.2,8249688883.2,15.664381082224233,26.488065387224264,74.2,0.0,0,0
mistralai/Ministral-3-3B-Instruct-2512-BF16,b6d637bef2393152b3da2b2fde72eecdee30557e,short,32,1,5,13055.0,5573137203.2,28.739847522583624,32.267476504717216,75.8,0.0,0,0
mistralai/Ministral-3-3B-Instruct-2512-BF16,b6d637bef2393152b3da2b2fde72eecdee30557e,short,32,2,5,13110.2,8189353984.0,17.90300882822021,27.916680123134682,76.2,0.0,0,0
mistralai/Ministral-3-3B-Instruct-2512-BF16,b6d637bef2393152b3da2b2fde72eecdee30557e,short,64,1,5,13055.0,5532672819.2,36.14670785440613,36.02431006020799,79.4,0.0,0,0
mistralai/Ministral-3-3B-Instruct-2512-BF16,b6d637bef2393152b3da2b2fde72eecdee30557e,short,64,2,5,13109.8,8188950118.4,21.336368816769085,29.009832480495568,78.4,0.0,0,0
