tag,tp,max_model_len,language,concurrency,waves,success_rate_mean,request_rps_mean,request_rps_median,output_tps_mean,output_tps_median,output_tps_std,total_tps_mean,wave_wall_s_mean
tp1-ctx2048,1,2048,arabic,1,3,1.0,0.5146294238437622,0.5145526114315424,16.46814156300039,16.465683565809357,0.05132743120564408,82.34070781500195,1.943158374666685
tp1-ctx2048,1,2048,arabic,2,3,1.0,0.8921902922410988,0.8917054916798505,28.55008935171516,28.534575733755215,0.0752686080685664,142.7504467585758,2.2416846243332884
tp1-ctx2048,1,2048,arabic,4,3,1.0,1.5405880328843662,1.5479736885293116,49.29881705229972,49.53515803293797,0.42697268586509907,246.49408526149855,2.5965416826666874
tp1-ctx2048,1,2048,arabic,8,3,1.0,2.48297505918365,2.4858721724139765,79.4552018938768,79.54790951724725,0.21248162805226464,397.27600946938406,3.221956727333312
tp1-ctx2048,1,2048,english,1,3,1.0,0.5279773209879196,0.52832697845616,16.895274271613427,16.90646331059712,0.030002251669217914,84.47637135806714,1.89402473233334
tp1-ctx2048,1,2048,english,2,3,1.0,0.7867544983792579,0.9045125179329404,25.176143948136254,28.944400573854093,7.297982921709028,125.88071974068124,2.724999338333305
tp1-ctx2048,1,2048,english,4,3,1.0,1.5754124133971281,1.5750897067928886,50.4131972287081,50.402870617372436,0.10148352942638886,252.0659861435405,2.5390245556666664
tp1-ctx2048,1,2048,english,8,3,1.0,2.5301848279999386,2.5240721828925494,80.96591449599804,80.77030985256158,0.3446251235878868,404.8295724799902,3.161862446000024
tp1-ctx960,1,960,arabic,1,3,1.0,0.5297286913832903,0.5303397588625083,16.95131812426529,16.970872283600265,0.04208665398845865,84.75659062132645,1.887766570666675
tp1-ctx960,1,960,arabic,2,3,1.0,0.9079963538546867,0.9091144642466846,29.055883323349974,29.091662855893908,0.06333822674890571,145.27941661674987,2.2026590033333755
tp1-ctx960,1,960,arabic,4,3,1.0,1.5788077689186562,1.5790285741208168,50.521848605397,50.528914371866136,0.09697668817874096,252.60924302698496,2.533563557333347
tp1-ctx960,1,960,arabic,8,3,1.0,2.5385001251829205,2.5355130542793143,81.23200400585345,81.13641773693806,0.3388585731865132,406.1600200292673,3.151503747666652
tp1-ctx960,1,960,english,1,3,1.0,0.538325111711477,0.5383558282776928,17.226403574767264,17.22738650488617,0.015371864391523094,86.13201787383632,1.8576144956666667
tp1-ctx960,1,960,english,2,3,1.0,0.781279445044559,0.9195224968408702,25.00094224142589,29.424719898907846,7.719189222064117,125.00471120712946,2.774479584333297
tp1-ctx960,1,960,english,4,3,1.0,1.606295241120937,1.6060238363029875,51.401447715869985,51.3927627616956,0.09111124148329372,257.0072385793499,2.490207449999995
tp1-ctx960,1,960,english,8,3,1.0,2.607418556177017,2.6037038227147113,83.43739379766454,83.31852232687076,0.3667521367736409,417.1869689883227,3.068208143999982
tp2-ctx2048,2,2048,arabic,1,3,1.0,0.5212116731160842,0.5196607759010846,16.678773539714694,16.629144828834708,0.6354765886144177,83.39386769857346,1.9204575446666088
tp2-ctx2048,2,2048,arabic,2,3,1.0,1.0114132919667342,1.0106266860404334,32.365225342935496,32.34005395329387,1.4265372383709174,161.82612671467746,1.979994046999991
tp2-ctx2048,2,2048,arabic,4,3,1.0,1.8884983618316629,1.8902269658035842,60.43194757861321,60.487262905714694,0.2953496188660694,302.1597378930661,2.118118745666758
tp2-ctx2048,2,2048,arabic,8,3,1.0,3.4257480982683677,3.4351602175063416,109.62393914458777,109.92512696020293,1.5665586356576584,548.1196957229388,2.335575602999976
tp2-ctx2048,2,2048,english,1,3,1.0,0.5309790174393535,0.5301986459584923,16.991328558059312,16.966356670671754,0.13999155628814225,84.95664279029657,1.8833986423332287
tp2-ctx2048,2,2048,english,2,3,1.0,0.8337843690696953,1.009672780848011,26.68109981023025,32.30952898713635,9.782564325541824,133.40549905115122,2.7063776276666736
tp2-ctx2048,2,2048,english,4,3,1.0,1.9220378643206857,1.931337049217497,61.50521165826194,61.802785574959906,2.7328987997255365,307.5260582913097,2.0838888209999973
tp2-ctx2048,2,2048,english,8,3,1.0,3.3917162858906837,3.4358632197215013,108.53492114850188,109.94762303108804,5.373482551451176,542.6746057425094,2.3626220203332955
tp2-ctx4096,2,4096,arabic,1,3,1.0,0.5289626947843321,0.5261990239716037,16.926806233098628,16.838368767091318,0.17588563787096276,84.63403116549313,1.890627784000041
tp2-ctx4096,2,4096,arabic,2,3,1.0,1.0051684405788122,1.0053700549584892,32.16539009852199,32.171841758671654,0.37074750149011637,160.82695049260994,1.9898925756666965
tp2-ctx4096,2,4096,arabic,4,3,1.0,1.9391735285027283,1.931698451745916,62.053552912087305,61.81435045586931,1.2311482305137524,310.26776456043655,2.0632729296666334
tp2-ctx4096,2,4096,arabic,8,3,1.0,3.4423499189407303,3.4055099582888753,110.15519740610337,108.97631866524401,2.45413001516269,550.7759870305168,2.3247537203333195
tp2-ctx4096,2,4096,english,1,3,1.0,0.527158374680082,0.5254706995617139,16.869067989762623,16.815062385974844,0.09992907728411515,84.3453399488131,1.8970073580000342
tp2-ctx4096,2,4096,english,2,3,1.0,0.9999405170188815,0.9691991612827603,31.99809654460421,31.01437316104833,1.8257110502043097,159.99048272302105,2.0043312296666804
tp2-ctx4096,2,4096,english,4,3,1.0,1.9303626138915533,1.9269735962768433,61.771603644529705,61.663155080858985,0.22930351156445009,308.8580182226485,2.0721685360000115
tp2-ctx4096,2,4096,english,8,3,1.0,3.4729203261707933,3.552473325492616,111.13345043746538,113.67914641576371,4.723016000771872,555.6672521873269,2.3063833646666203
tp2-ctx960,2,960,arabic,1,3,1.0,0.5317265218468119,0.5285349796137935,17.01524869909798,16.91311934764139,0.1793328291352931,85.0762434954899,1.8808044569999918
tp2-ctx960,2,960,arabic,2,3,1.0,0.9794425035216264,0.9774770323798081,31.342160112692046,31.27926503615386,0.5992728968425993,156.71080056346025,2.0424743353333574
tp2-ctx960,2,960,arabic,4,3,1.0,1.9053128520848326,1.9017470533853535,60.97001126671464,60.85590570833131,0.6722709673922178,304.8500563335732,2.0995624733333593
tp2-ctx960,2,960,arabic,8,3,1.0,3.485866332112851,3.4778778871645066,111.54772262761124,111.29209238926421,1.1343205626305966,557.7386131380563,2.2951395720000014
tp2-ctx960,2,960,english,1,3,1.0,0.5310385000878138,0.5261254541757234,16.993232002810043,16.83601453362315,0.4267471469388941,84.96616001405022,1.8838853516667768
tp2-ctx960,2,960,english,2,3,1.0,0.7741929772627628,0.956431382812131,24.77417527240841,30.605804249988193,10.928637120963076,123.87087636204205,3.1266360006667733
tp2-ctx960,2,960,english,4,3,1.0,1.9401513012932217,1.9602582707313159,62.08484164138309,62.72826466340211,2.7927219826349674,310.42420820691547,2.064522699333262
tp2-ctx960,2,960,english,8,3,1.0,3.508654140956368,3.5315092422998244,112.27693251060377,113.00829575359438,1.6596766975863877,561.3846625530188,2.280411372666549
