captured_at_utc,phase,measurement_active,system_used_bytes,process_tree_rss_bytes,gpu_index,gpu_uuid,gpu_name,memory_used_mib,memory_total_mib,utilization_gpu_percent,temperature_c,power_draw_w,sm_clock_mhz,memory_clock_mhz
2026-09-07T21:15:13.809373+00:00,startup,False,1467740160,566222848,0,GPU-402586f7-0122-74ef-28ef-9d9c58864a48,Tesla T4,3.0,15360.0,0.0,53.0,14.71,300.0,405.0
2026-09-07T21:15:13.809373+00:00,startup,False,1467740160,566222848,1,GPU-1c3d83bb-e61f-6723-2bf6-f01f4d191540,Tesla T4,3.0,15360.0,0.0,54.0,14.52,300.0,405.0
2026-09-07T21:15:14.127152+00:00,startup,False,1605091328,880439296,0,GPU-402586f7-0122-74ef-28ef-9d9c58864a48,Tesla T4,3.0,15360.0,0.0,53.0,14.61,300.0,405.0
2026-09-07T21:15:14.127152+00:00,startup,False,1605091328,880439296,1,GPU-1c3d83bb-e61f-6723-2bf6-f01f4d191540,Tesla T4,3.0,15360.0,0.0,54.0,14.52,300.0,405.0
2026-09-07T21:15:14.444284+00:00,startup,False,1695326208,1015836672,0,GPU-402586f7-0122-74ef-28ef-9d9c58864a48,Tesla T4,3.0,15360.0,0.0,53.0,14.61,300.0,405.0
2026-09-07T21:15:14.444284+00:00,startup,False,1695326208,1015836672,1,GPU-1c3d83bb-e61f-6723-2bf6-f01f4d191540,Tesla T4,3.0,15360.0,0.0,54.0,14.52,300.0,405.0
2026-09-07T21:15:14.790280+00:00,startup,False,1737482240,1057001472,0,GPU-402586f7-0122-74ef-28ef-9d9c58864a48,Tesla T4,3.0,15360.0,0.0,53.0,14.71,300.0,405.0
2026-09-07T21:15:14.790280+00:00,startup,False,1737482240,1057001472,1,GPU-1c3d83bb-e61f-6723-2bf6-f01f4d191540,Tesla T4,3.0,15360.0,0.0,54.0,14.52,300.0,405.0
2026-09-07T21:15:15.107454+00:00,startup,False,1748971520,1072705536,0,GPU-402586f7-0122-74ef-28ef-9d9c58864a48,Tesla T4,3.0,15360.0,0.0,53.0,14.71,300.0,405.0
2026-09-07T21:15:15.107454+00:00,startup,False,1748971520,1072705536,1,GPU-1c3d83bb-e61f-6723-2bf6-f01f4d191540,Tesla T4,3.0,15360.0,0.0,54.0,14.52,300.0,405.0
2026-09-07T21:15:15.424325+00:00,startup,False,1781248000,1088008192,0,GPU-402586f7-0122-74ef-28ef-9d9c58864a48,Tesla T4,3.0,15360.0,0.0,53.0,14.61,300.0,405.0
2026-09-07T21:15:15.424325+00:00,startup,False,1781248000,1088008192,1,GPU-1c3d83bb-e61f-6723-2bf6-f01f4d191540,Tesla T4,3.0,15360.0,0.0,54.0,14.52,300.0,405.0
2026-09-07T21:15:15.741685+00:00,startup,False,1778622464,1098309632,0,GPU-402586f7-0122-74ef-28ef-9d9c58864a48,Tesla T4,3.0,15360.0,0.0,53.0,14.71,300.0,405.0
2026-09-07T21:15:15.741685+00:00,startup,False,1778622464,1098309632,1,GPU-1c3d83bb-e61f-6723-2bf6-f01f4d191540,Tesla T4,3.0,15360.0,0.0,54.0,14.52,300.0,405.0
2026-09-07T21:15:16.092486+00:00,startup,False,1795932160,1115553792,0,GPU-402586f7-0122-74ef-28ef-9d9c58864a48,Tesla T4,3.0,15360.0,0.0,53.0,14.61,300.0,405.0
2026-09-07T21:15:16.092486+00:00,startup,False,1795932160,1115553792,1,GPU-1c3d83bb-e61f-6723-2bf6-f01f4d191540,Tesla T4,3.0,15360.0,0.0,54.0,14.52,300.0,405.0
2026-09-07T21:15:16.408944+00:00,startup,False,1925931008,1384345600,0,GPU-402586f7-0122-74ef-28ef-9d9c58864a48,Tesla T4,3.0,15360.0,0.0,52.0,14.61,300.0,405.0
2026-09-07T21:15:16.408944+00:00,startup,False,1925931008,1384345600,1,GPU-1c3d83bb-e61f-6723-2bf6-f01f4d191540,Tesla T4,3.0,15360.0,0.0,54.0,14.52,300.0,405.0
2026-09-07T21:15:16.737480+00:00,startup,False,2130395136,1903595520,0,GPU-402586f7-0122-74ef-28ef-9d9c58864a48,Tesla T4,3.0,15360.0,0.0,52.0,14.71,300.0,405.0
2026-09-07T21:15:16.737480+00:00,startup,False,2130395136,1903595520,1,GPU-1c3d83bb-e61f-6723-2bf6-f01f4d191540,Tesla T4,3.0,15360.0,0.0,54.0,14.52,300.0,405.0
2026-09-07T21:15:17.062371+00:00,startup,False,2211151872,2087653376,0,GPU-402586f7-0122-74ef-28ef-9d9c58864a48,Tesla T4,3.0,15360.0,0.0,52.0,14.61,300.0,405.0
2026-09-07T21:15:17.062371+00:00,startup,False,2211151872,2087653376,1,GPU-1c3d83bb-e61f-6723-2bf6-f01f4d191540,Tesla T4,3.0,15360.0,0.0,54.0,14.52,300.0,405.0
2026-09-07T21:15:17.387526+00:00,startup,False,2239328256,2132836352,0,GPU-402586f7-0122-74ef-28ef-9d9c58864a48,Tesla T4,3.0,15360.0,0.0,52.0,14.61,300.0,405.0
2026-09-07T21:15:17.387526+00:00,startup,False,2239328256,2132836352,1,GPU-1c3d83bb-e61f-6723-2bf6-f01f4d191540,Tesla T4,3.0,15360.0,0.0,54.0,14.52,300.0,405.0
2026-09-07T21:15:17.735435+00:00,startup,False,2272239616,2152632320,0,GPU-402586f7-0122-74ef-28ef-9d9c58864a48,Tesla T4,3.0,15360.0,0.0,52.0,14.61,300.0,405.0
2026-09-07T21:15:17.735435+00:00,startup,False,2272239616,2152632320,1,GPU-1c3d83bb-e61f-6723-2bf6-f01f4d191540,Tesla T4,3.0,15360.0,0.0,54.0,14.52,300.0,405.0
2026-09-07T21:15:18.110560+00:00,startup,False,2311892992,2180800512,0,GPU-402586f7-0122-74ef-28ef-9d9c58864a48,Tesla T4,3.0,15360.0,0.0,52.0,14.61,300.0,405.0
2026-09-07T21:15:18.110560+00:00,startup,False,2311892992,2180800512,1,GPU-1c3d83bb-e61f-6723-2bf6-f01f4d191540,Tesla T4,3.0,15360.0,0.0,54.0,14.52,300.0,405.0
2026-09-07T21:15:18.432402+00:00,startup,False,2405990400,2275995648,0,GPU-402586f7-0122-74ef-28ef-9d9c58864a48,Tesla T4,3.0,15360.0,0.0,52.0,14.71,300.0,405.0
2026-09-07T21:15:18.432402+00:00,startup,False,2405990400,2275995648,1,GPU-1c3d83bb-e61f-6723-2bf6-f01f4d191540,Tesla T4,21.0,15360.0,0.0,55.0,28.92,900.0,5000.0
2026-09-07T21:15:18.775387+00:00,warmup_1024,False,2570743808,2510188544,0,GPU-402586f7-0122-74ef-28ef-9d9c58864a48,Tesla T4,123.0,15360.0,5.0,54.0,29.4,615.0,5000.0
2026-09-07T21:15:18.775387+00:00,warmup_1024,False,2570743808,2510188544,1,GPU-1c3d83bb-e61f-6723-2bf6-f01f4d191540,Tesla T4,123.0,15360.0,5.0,55.0,28.82,900.0,5000.0
2026-09-07T21:15:19.088874+00:00,warmup_1024,False,2868576256,2828820480,0,GPU-402586f7-0122-74ef-28ef-9d9c58864a48,Tesla T4,169.0,15360.0,3.0,54.0,29.1,585.0,5000.0
2026-09-07T21:15:19.088874+00:00,warmup_1024,False,2868576256,2828820480,1,GPU-1c3d83bb-e61f-6723-2bf6-f01f4d191540,Tesla T4,171.0,15360.0,5.0,55.0,28.82,900.0,5000.0
2026-09-07T21:15:19.401836+00:00,measured_4096,True,3019710464,3108614144,0,GPU-402586f7-0122-74ef-28ef-9d9c58864a48,Tesla T4,207.0,15360.0,16.0,54.0,29.2,585.0,5000.0
2026-09-07T21:15:19.401836+00:00,measured_4096,True,3019710464,3108614144,1,GPU-1c3d83bb-e61f-6723-2bf6-f01f4d191540,Tesla T4,207.0,15360.0,3.0,55.0,29.4,900.0,5000.0
2026-09-07T21:15:19.713470+00:00,measured_4194304,True,3036741632,3110215680,0,GPU-402586f7-0122-74ef-28ef-9d9c58864a48,Tesla T4,229.0,15360.0,40.0,54.0,30.88,600.0,5000.0
2026-09-07T21:15:19.713470+00:00,measured_4194304,True,3036741632,3110215680,1,GPU-1c3d83bb-e61f-6723-2bf6-f01f4d191540,Tesla T4,229.0,15360.0,64.0,56.0,37.53,1440.0,5000.0
2026-09-07T21:15:20.026417+00:00,measured_16777216,True,3037233152,3110285312,0,GPU-402586f7-0122-74ef-28ef-9d9c58864a48,Tesla T4,243.0,15360.0,95.0,55.0,43.87,1590.0,5000.0
2026-09-07T21:15:20.026417+00:00,measured_16777216,True,3037233152,3110285312,1,GPU-1c3d83bb-e61f-6723-2bf6-f01f4d191540,Tesla T4,243.0,15360.0,87.0,57.0,44.38,1590.0,5000.0
2026-09-07T21:15:20.335333+00:00,warmup_33554432,False,3055026176,3110359040,0,GPU-402586f7-0122-74ef-28ef-9d9c58864a48,Tesla T4,271.0,15360.0,94.0,56.0,45.44,1590.0,5000.0
2026-09-07T21:15:20.335333+00:00,warmup_33554432,False,3055026176,3110359040,1,GPU-1c3d83bb-e61f-6723-2bf6-f01f4d191540,Tesla T4,271.0,15360.0,94.0,57.0,43.3,1590.0,5000.0
2026-09-07T21:15:20.645558+00:00,measured_33554432,True,3071164416,3110363136,0,GPU-402586f7-0122-74ef-28ef-9d9c58864a48,Tesla T4,271.0,15360.0,98.0,56.0,45.15,1590.0,5000.0
2026-09-07T21:15:20.645558+00:00,measured_33554432,True,3071164416,3110363136,1,GPU-1c3d83bb-e61f-6723-2bf6-f01f4d191540,Tesla T4,271.0,15360.0,96.0,57.0,44.06,1590.0,5000.0
2026-09-07T21:15:20.954709+00:00,measured_33554432,True,3071164416,3110367232,0,GPU-402586f7-0122-74ef-28ef-9d9c58864a48,Tesla T4,271.0,15360.0,96.0,57.0,45.34,1590.0,5000.0
2026-09-07T21:15:20.954709+00:00,measured_33554432,True,3071164416,3110367232,1,GPU-1c3d83bb-e61f-6723-2bf6-f01f4d191540,Tesla T4,271.0,15360.0,96.0,58.0,44.26,1590.0,5000.0
2026-09-07T21:15:21.261805+00:00,measured_33554432,True,3071332352,3110510592,0,GPU-402586f7-0122-74ef-28ef-9d9c58864a48,Tesla T4,271.0,15360.0,97.0,57.0,45.22,1590.0,5000.0
2026-09-07T21:15:21.261805+00:00,measured_33554432,True,3071332352,3110510592,1,GPU-1c3d83bb-e61f-6723-2bf6-f01f4d191540,Tesla T4,271.0,15360.0,96.0,58.0,44.28,1590.0,5000.0
2026-09-07T21:15:21.570531+00:00,warmup_67108864,False,3068772352,3110572032,0,GPU-402586f7-0122-74ef-28ef-9d9c58864a48,Tesla T4,335.0,15360.0,95.0,57.0,45.64,1590.0,5000.0
2026-09-07T21:15:21.570531+00:00,warmup_67108864,False,3068772352,3110572032,1,GPU-1c3d83bb-e61f-6723-2bf6-f01f4d191540,Tesla T4,335.0,15360.0,98.0,58.0,44.36,1590.0,5000.0
2026-09-07T21:15:21.882936+00:00,measured_67108864,True,3068596224,3110572032,0,GPU-402586f7-0122-74ef-28ef-9d9c58864a48,Tesla T4,335.0,15360.0,99.0,57.0,45.34,1590.0,5000.0
2026-09-07T21:15:21.882936+00:00,measured_67108864,True,3068596224,3110572032,1,GPU-1c3d83bb-e61f-6723-2bf6-f01f4d191540,Tesla T4,335.0,15360.0,98.0,58.0,44.28,1590.0,5000.0
2026-09-07T21:15:22.193309+00:00,measured_67108864,True,3068592128,3110576128,0,GPU-402586f7-0122-74ef-28ef-9d9c58864a48,Tesla T4,335.0,15360.0,98.0,57.0,45.24,1590.0,5000.0
2026-09-07T21:15:22.193309+00:00,measured_67108864,True,3068592128,3110576128,1,GPU-1c3d83bb-e61f-6723-2bf6-f01f4d191540,Tesla T4,335.0,15360.0,98.0,58.0,44.36,1590.0,5000.0
2026-09-07T21:15:22.502873+00:00,measured_67108864,True,3068592128,3110580224,0,GPU-402586f7-0122-74ef-28ef-9d9c58864a48,Tesla T4,335.0,15360.0,98.0,57.0,45.41,1590.0,5000.0
2026-09-07T21:15:22.502873+00:00,measured_67108864,True,3068592128,3110580224,1,GPU-1c3d83bb-e61f-6723-2bf6-f01f4d191540,Tesla T4,335.0,15360.0,98.0,58.0,44.97,1590.0,5000.0
2026-09-07T21:15:22.813296+00:00,measured_67108864,True,3068592128,3110592512,0,GPU-402586f7-0122-74ef-28ef-9d9c58864a48,Tesla T4,335.0,15360.0,98.0,57.0,45.51,1590.0,5000.0
2026-09-07T21:15:22.813296+00:00,measured_67108864,True,3068592128,3110592512,1,GPU-1c3d83bb-e61f-6723-2bf6-f01f4d191540,Tesla T4,335.0,15360.0,98.0,58.0,44.85,1590.0,5000.0
2026-09-07T21:15:23.128150+00:00,measured_67108864,True,3073921024,3110592512,0,GPU-402586f7-0122-74ef-28ef-9d9c58864a48,Tesla T4,335.0,15360.0,98.0,58.0,45.93,1590.0,5000.0
2026-09-07T21:15:23.128150+00:00,measured_67108864,True,3073921024,3110592512,1,GPU-1c3d83bb-e61f-6723-2bf6-f01f4d191540,Tesla T4,335.0,15360.0,98.0,58.0,44.46,1590.0,5000.0
2026-09-07T21:15:23.444926+00:00,between_repetitions_67108864,False,3082997760,3110662144,0,GPU-402586f7-0122-74ef-28ef-9d9c58864a48,Tesla T4,335.0,15360.0,97.0,58.0,42.02,1590.0,5000.0
2026-09-07T21:15:23.444926+00:00,between_repetitions_67108864,False,3082997760,3110662144,1,GPU-1c3d83bb-e61f-6723-2bf6-f01f4d191540,Tesla T4,335.0,15360.0,97.0,58.0,44.36,1590.0,5000.0
2026-09-07T21:15:23.744184+00:00,complete,False,3099164672,3037712384,0,GPU-402586f7-0122-74ef-28ef-9d9c58864a48,Tesla T4,335.0,15360.0,15.0,57.0,37.53,1590.0,5000.0
2026-09-07T21:15:23.744184+00:00,complete,False,3099164672,3037712384,1,GPU-1c3d83bb-e61f-6723-2bf6-f01f4d191540,Tesla T4,335.0,15360.0,0.0,58.0,36.55,1590.0,5000.0
2026-09-07T21:15:24.041302+00:00,complete,False,3038838784,2957795328,0,GPU-402586f7-0122-74ef-28ef-9d9c58864a48,Tesla T4,319.0,15360.0,0.0,57.0,37.43,1590.0,5000.0
2026-09-07T21:15:24.041302+00:00,complete,False,3038838784,2957795328,1,GPU-1c3d83bb-e61f-6723-2bf6-f01f4d191540,Tesla T4,319.0,15360.0,0.0,58.0,36.65,1590.0,5000.0
2026-09-07T21:15:24.343916+00:00,complete,False,2106650624,1115926528,0,GPU-402586f7-0122-74ef-28ef-9d9c58864a48,Tesla T4,3.0,15360.0,0.0,57.0,37.83,1590.0,5000.0
2026-09-07T21:15:24.343916+00:00,complete,False,2106650624,1115926528,1,GPU-1c3d83bb-e61f-6723-2bf6-f01f4d191540,Tesla T4,3.0,15360.0,0.0,58.0,39.97,1590.0,5000.0
2026-09-07T21:15:24.642349+00:00,complete,False,2004971520,1128861696,0,GPU-402586f7-0122-74ef-28ef-9d9c58864a48,Tesla T4,3.0,15360.0,0.0,57.0,37.63,1590.0,5000.0
2026-09-07T21:15:24.642349+00:00,complete,False,2004971520,1128861696,1,GPU-1c3d83bb-e61f-6723-2bf6-f01f4d191540,Tesla T4,3.0,15360.0,4.0,58.0,36.47,1590.0,5000.0
2026-09-07T21:15:24.944156+00:00,complete,False,1780330496,643170304,0,GPU-402586f7-0122-74ef-28ef-9d9c58864a48,Tesla T4,3.0,15360.0,0.0,57.0,37.53,1590.0,5000.0
2026-09-07T21:15:24.944156+00:00,complete,False,1780330496,643170304,1,GPU-1c3d83bb-e61f-6723-2bf6-f01f4d191540,Tesla T4,3.0,15360.0,0.0,58.0,36.45,1590.0,5000.0
2026-09-07T21:15:25.244583+00:00,complete,False,1883959296,935677952,0,GPU-402586f7-0122-74ef-28ef-9d9c58864a48,Tesla T4,3.0,15360.0,0.0,57.0,29.89,615.0,5000.0
2026-09-07T21:15:25.244583+00:00,complete,False,1883959296,935677952,1,GPU-1c3d83bb-e61f-6723-2bf6-f01f4d191540,Tesla T4,3.0,15360.0,0.0,58.0,36.57,1590.0,5000.0
2026-09-07T21:15:25.547090+00:00,complete,False,1913716736,1031397376,0,GPU-402586f7-0122-74ef-28ef-9d9c58864a48,Tesla T4,3.0,15360.0,0.0,56.0,29.2,375.0,5000.0
2026-09-07T21:15:25.547090+00:00,complete,False,1913716736,1031397376,1,GPU-1c3d83bb-e61f-6723-2bf6-f01f4d191540,Tesla T4,3.0,15360.0,0.0,57.0,28.82,585.0,5000.0
2026-09-07T21:15:25.853859+00:00,complete,False,1927356416,1061625856,0,GPU-402586f7-0122-74ef-28ef-9d9c58864a48,Tesla T4,3.0,15360.0,0.0,56.0,29.2,375.0,5000.0
2026-09-07T21:15:25.853859+00:00,complete,False,1927356416,1061625856,1,GPU-1c3d83bb-e61f-6723-2bf6-f01f4d191540,Tesla T4,3.0,15360.0,0.0,57.0,28.62,375.0,5000.0
2026-09-07T21:15:26.163533+00:00,complete,False,1944702976,1077440512,0,GPU-402586f7-0122-74ef-28ef-9d9c58864a48,Tesla T4,3.0,15360.0,0.0,56.0,29.1,375.0,5000.0
2026-09-07T21:15:26.163533+00:00,complete,False,1944702976,1077440512,1,GPU-1c3d83bb-e61f-6723-2bf6-f01f4d191540,Tesla T4,3.0,15360.0,0.0,57.0,28.62,375.0,5000.0
2026-09-07T21:15:26.473037+00:00,complete,False,1961439232,1091547136,0,GPU-402586f7-0122-74ef-28ef-9d9c58864a48,Tesla T4,3.0,15360.0,0.0,55.0,15.01,375.0,405.0
2026-09-07T21:15:26.473037+00:00,complete,False,1961439232,1091547136,1,GPU-1c3d83bb-e61f-6723-2bf6-f01f4d191540,Tesla T4,3.0,15360.0,0.0,56.0,14.91,375.0,405.0
2026-09-07T21:15:26.798261+00:00,complete,False,1962143744,1116237824,0,GPU-402586f7-0122-74ef-28ef-9d9c58864a48,Tesla T4,3.0,15360.0,0.0,55.0,15.01,375.0,405.0
2026-09-07T21:15:26.798261+00:00,complete,False,1962143744,1116237824,1,GPU-1c3d83bb-e61f-6723-2bf6-f01f4d191540,Tesla T4,3.0,15360.0,0.0,56.0,14.82,375.0,405.0
2026-09-07T21:15:27.123430+00:00,complete,False,1957777408,1143468032,0,GPU-402586f7-0122-74ef-28ef-9d9c58864a48,Tesla T4,3.0,15360.0,0.0,55.0,15.01,375.0,405.0
2026-09-07T21:15:27.123430+00:00,complete,False,1957777408,1143468032,1,GPU-1c3d83bb-e61f-6723-2bf6-f01f4d191540,Tesla T4,3.0,15360.0,0.0,56.0,14.82,375.0,405.0
2026-09-07T21:15:27.453597+00:00,complete,False,2098327552,1767940096,0,GPU-402586f7-0122-74ef-28ef-9d9c58864a48,Tesla T4,3.0,15360.0,0.0,54.0,10.55,300.0,405.0
2026-09-07T21:15:27.453597+00:00,complete,False,2098327552,1767940096,1,GPU-1c3d83bb-e61f-6723-2bf6-f01f4d191540,Tesla T4,3.0,15360.0,0.0,55.0,10.65,300.0,405.0
2026-09-07T21:15:27.784505+00:00,complete,False,2225201152,2039570432,0,GPU-402586f7-0122-74ef-28ef-9d9c58864a48,Tesla T4,3.0,15360.0,0.0,54.0,10.75,300.0,405.0
2026-09-07T21:15:27.784505+00:00,complete,False,2225201152,2039570432,1,GPU-1c3d83bb-e61f-6723-2bf6-f01f4d191540,Tesla T4,3.0,15360.0,0.0,55.0,10.75,300.0,405.0
2026-09-07T21:15:28.119449+00:00,complete,False,2264891392,2111496192,0,GPU-402586f7-0122-74ef-28ef-9d9c58864a48,Tesla T4,3.0,15360.0,0.0,54.0,10.55,300.0,405.0
2026-09-07T21:15:28.119449+00:00,complete,False,2264891392,2111496192,1,GPU-1c3d83bb-e61f-6723-2bf6-f01f4d191540,Tesla T4,3.0,15360.0,0.0,55.0,10.46,300.0,405.0
2026-09-07T21:15:28.453487+00:00,complete,False,2305253376,2147717120,0,GPU-402586f7-0122-74ef-28ef-9d9c58864a48,Tesla T4,3.0,15360.0,0.0,54.0,10.55,300.0,405.0
2026-09-07T21:15:28.453487+00:00,complete,False,2305253376,2147717120,1,GPU-1c3d83bb-e61f-6723-2bf6-f01f4d191540,Tesla T4,3.0,15360.0,0.0,55.0,10.46,300.0,405.0
2026-09-07T21:15:28.784716+00:00,complete,False,2347716608,2174828544,0,GPU-402586f7-0122-74ef-28ef-9d9c58864a48,Tesla T4,3.0,15360.0,0.0,54.0,11.05,300.0,405.0
2026-09-07T21:15:28.784716+00:00,complete,False,2347716608,2174828544,1,GPU-1c3d83bb-e61f-6723-2bf6-f01f4d191540,Tesla T4,3.0,15360.0,0.0,55.0,10.75,300.0,405.0
2026-09-07T21:15:29.116647+00:00,complete,False,2446757888,2276073472,0,GPU-402586f7-0122-74ef-28ef-9d9c58864a48,Tesla T4,13.0,15360.0,0.0,55.0,29.59,585.0,5000.0
2026-09-07T21:15:29.116647+00:00,complete,False,2446757888,2276073472,1,GPU-1c3d83bb-e61f-6723-2bf6-f01f4d191540,Tesla T4,3.0,15360.0,0.0,55.0,10.95,300.0,405.0
2026-09-07T21:15:29.517326+00:00,warmup_1024,False,2621550592,2537312256,0,GPU-402586f7-0122-74ef-28ef-9d9c58864a48,Tesla T4,123.0,15360.0,5.0,56.0,29.3,705.0,5000.0
2026-09-07T21:15:29.517326+00:00,warmup_1024,False,2621550592,2537312256,1,GPU-1c3d83bb-e61f-6723-2bf6-f01f4d191540,Tesla T4,123.0,15360.0,3.0,57.0,29.4,840.0,5000.0
2026-09-07T21:15:29.830915+00:00,warmup_1024,False,2869215232,2838540288,0,GPU-402586f7-0122-74ef-28ef-9d9c58864a48,Tesla T4,205.0,15360.0,3.0,56.0,29.3,585.0,5000.0
2026-09-07T21:15:29.830915+00:00,warmup_1024,False,2869215232,2838540288,1,GPU-1c3d83bb-e61f-6723-2bf6-f01f4d191540,Tesla T4,205.0,15360.0,2.0,57.0,29.12,840.0,5000.0
2026-09-07T21:15:30.162248+00:00,measured_262144,True,3027693568,3111092224,0,GPU-402586f7-0122-74ef-28ef-9d9c58864a48,Tesla T4,207.0,15360.0,4.0,56.0,29.89,585.0,5000.0
2026-09-07T21:15:30.162248+00:00,measured_262144,True,3027693568,3111092224,1,GPU-1c3d83bb-e61f-6723-2bf6-f01f4d191540,Tesla T4,207.0,15360.0,14.0,57.0,29.99,840.0,5000.0
2026-09-07T21:15:30.473768+00:00,warmup_16777216,False,3045679104,3111309312,0,GPU-402586f7-0122-74ef-28ef-9d9c58864a48,Tesla T4,243.0,15360.0,79.0,56.0,34.79,1155.0,5000.0
2026-09-07T21:15:30.473768+00:00,warmup_16777216,False,3045679104,3111309312,1,GPU-1c3d83bb-e61f-6723-2bf6-f01f4d191540,Tesla T4,243.0,15360.0,89.0,58.0,34.81,1590.0,5000.0
2026-09-07T21:15:30.784936+00:00,measured_16777216,True,3061932032,3111317504,0,GPU-402586f7-0122-74ef-28ef-9d9c58864a48,Tesla T4,243.0,15360.0,95.0,57.0,45.24,1590.0,5000.0
2026-09-07T21:15:30.784936+00:00,measured_16777216,True,3061932032,3111317504,1,GPU-1c3d83bb-e61f-6723-2bf6-f01f4d191540,Tesla T4,243.0,15360.0,94.0,58.0,44.38,1590.0,5000.0
2026-09-07T21:15:31.094250+00:00,warmup_33554432,False,3062931456,3111391232,0,GPU-402586f7-0122-74ef-28ef-9d9c58864a48,Tesla T4,271.0,15360.0,95.0,58.0,45.9,1590.0,5000.0
2026-09-07T21:15:31.094250+00:00,warmup_33554432,False,3062931456,3111391232,1,GPU-1c3d83bb-e61f-6723-2bf6-f01f4d191540,Tesla T4,271.0,15360.0,98.0,59.0,44.65,1590.0,5000.0
2026-09-07T21:15:31.404376+00:00,measured_33554432,True,3055005696,3111395328,0,GPU-402586f7-0122-74ef-28ef-9d9c58864a48,Tesla T4,271.0,15360.0,97.0,58.0,45.64,1590.0,5000.0
2026-09-07T21:15:31.404376+00:00,measured_33554432,True,3055005696,3111395328,1,GPU-1c3d83bb-e61f-6723-2bf6-f01f4d191540,Tesla T4,271.0,15360.0,97.0,59.0,44.28,1590.0,5000.0
2026-09-07T21:15:31.713823+00:00,measured_33554432,True,3055169536,3111399424,0,GPU-402586f7-0122-74ef-28ef-9d9c58864a48,Tesla T4,271.0,15360.0,96.0,58.0,46.0,1590.0,5000.0
2026-09-07T21:15:31.713823+00:00,measured_33554432,True,3055169536,3111399424,1,GPU-1c3d83bb-e61f-6723-2bf6-f01f4d191540,Tesla T4,271.0,15360.0,96.0,59.0,44.36,1590.0,5000.0
2026-09-07T21:15:32.024993+00:00,warmup_67108864,False,3058974720,3111469056,0,GPU-402586f7-0122-74ef-28ef-9d9c58864a48,Tesla T4,335.0,15360.0,96.0,58.0,46.23,1590.0,5000.0
2026-09-07T21:15:32.024993+00:00,warmup_67108864,False,3058974720,3111469056,1,GPU-1c3d83bb-e61f-6723-2bf6-f01f4d191540,Tesla T4,335.0,15360.0,96.0,59.0,45.54,1590.0,5000.0
2026-09-07T21:15:32.334993+00:00,warmup_67108864,False,3058171904,3111608320,0,GPU-402586f7-0122-74ef-28ef-9d9c58864a48,Tesla T4,335.0,15360.0,100.0,59.0,45.9,1590.0,5000.0
2026-09-07T21:15:32.334993+00:00,warmup_67108864,False,3058171904,3111608320,1,GPU-1c3d83bb-e61f-6723-2bf6-f01f4d191540,Tesla T4,335.0,15360.0,100.0,59.0,44.55,1590.0,5000.0
2026-09-07T21:15:32.643434+00:00,measured_67108864,True,3052765184,3111608320,0,GPU-402586f7-0122-74ef-28ef-9d9c58864a48,Tesla T4,335.0,15360.0,98.0,59.0,46.0,1590.0,5000.0
2026-09-07T21:15:32.643434+00:00,measured_67108864,True,3052765184,3111608320,1,GPU-1c3d83bb-e61f-6723-2bf6-f01f4d191540,Tesla T4,335.0,15360.0,98.0,59.0,45.05,1590.0,5000.0
2026-09-07T21:15:32.951831+00:00,measured_67108864,True,3053023232,3111612416,0,GPU-402586f7-0122-74ef-28ef-9d9c58864a48,Tesla T4,335.0,15360.0,98.0,59.0,46.0,1590.0,5000.0
2026-09-07T21:15:32.951831+00:00,measured_67108864,True,3053023232,3111612416,1,GPU-1c3d83bb-e61f-6723-2bf6-f01f4d191540,Tesla T4,335.0,15360.0,98.0,59.0,44.65,1590.0,5000.0
2026-09-07T21:15:33.259981+00:00,measured_67108864,True,3054833664,3111624704,0,GPU-402586f7-0122-74ef-28ef-9d9c58864a48,Tesla T4,335.0,15360.0,98.0,59.0,46.33,1590.0,5000.0
2026-09-07T21:15:33.259981+00:00,measured_67108864,True,3054833664,3111624704,1,GPU-1c3d83bb-e61f-6723-2bf6-f01f4d191540,Tesla T4,335.0,15360.0,97.0,60.0,45.15,1590.0,5000.0
2026-09-07T21:15:33.585268+00:00,measured_67108864,True,3065491456,3111628800,0,GPU-402586f7-0122-74ef-28ef-9d9c58864a48,Tesla T4,335.0,15360.0,98.0,59.0,45.81,1590.0,5000.0
2026-09-07T21:15:33.585268+00:00,measured_67108864,True,3065491456,3111628800,1,GPU-1c3d83bb-e61f-6723-2bf6-f01f4d191540,Tesla T4,335.0,15360.0,97.0,60.0,44.55,1590.0,5000.0
2026-09-07T21:15:33.894574+00:00,measured_67108864,True,3073490944,3111628800,0,GPU-402586f7-0122-74ef-28ef-9d9c58864a48,Tesla T4,335.0,15360.0,98.0,59.0,46.4,1590.0,5000.0
2026-09-07T21:15:33.894574+00:00,measured_67108864,True,3073490944,3111628800,1,GPU-1c3d83bb-e61f-6723-2bf6-f01f4d191540,Tesla T4,335.0,15360.0,98.0,60.0,44.75,1590.0,5000.0
2026-09-07T21:15:34.214505+00:00,complete,False,3093000192,3038748672,0,GPU-402586f7-0122-74ef-28ef-9d9c58864a48,Tesla T4,335.0,15360.0,98.0,59.0,38.2,1590.0,5000.0
2026-09-07T21:15:34.214505+00:00,complete,False,3093000192,3038748672,1,GPU-1c3d83bb-e61f-6723-2bf6-f01f4d191540,Tesla T4,335.0,15360.0,83.0,59.0,36.94,1590.0,5000.0
2026-09-07T21:15:34.514539+00:00,complete,False,3023122432,2963111936,0,GPU-402586f7-0122-74ef-28ef-9d9c58864a48,Tesla T4,319.0,15360.0,0.0,59.0,37.9,1590.0,5000.0
2026-09-07T21:15:34.514539+00:00,complete,False,3023122432,2963111936,1,GPU-1c3d83bb-e61f-6723-2bf6-f01f4d191540,Tesla T4,319.0,15360.0,0.0,59.0,37.93,1590.0,5000.0
2026-09-07T21:15:34.819294+00:00,complete,False,3023216640,3115548672,0,GPU-402586f7-0122-74ef-28ef-9d9c58864a48,Tesla T4,319.0,15360.0,0.0,59.0,37.93,1590.0,5000.0
2026-09-07T21:15:34.819294+00:00,complete,False,3023216640,3115548672,1,GPU-1c3d83bb-e61f-6723-2bf6-f01f4d191540,Tesla T4,319.0,15360.0,0.0,59.0,36.84,1590.0,5000.0
2026-09-07T21:15:35.137528+00:00,complete,False,1771196416,1116672000,0,GPU-402586f7-0122-74ef-28ef-9d9c58864a48,Tesla T4,3.0,15360.0,4.0,59.0,37.93,1590.0,5000.0
2026-09-07T21:15:35.137528+00:00,complete,False,1771196416,1116672000,1,GPU-1c3d83bb-e61f-6723-2bf6-f01f4d191540,Tesla T4,3.0,15360.0,4.0,59.0,37.04,1590.0,5000.0
2026-09-07T21:15:35.437718+00:00,complete,False,1724305408,559341568,0,GPU-402586f7-0122-74ef-28ef-9d9c58864a48,Tesla T4,3.0,15360.0,0.0,59.0,38.03,1590.0,5000.0
2026-09-07T21:15:35.437718+00:00,complete,False,1724305408,559341568,1,GPU-1c3d83bb-e61f-6723-2bf6-f01f4d191540,Tesla T4,3.0,15360.0,0.0,59.0,37.14,1590.0,5000.0
2026-09-07T21:15:35.738483+00:00,complete,False,1589501952,727408640,0,GPU-402586f7-0122-74ef-28ef-9d9c58864a48,Tesla T4,3.0,15360.0,0.0,59.0,38.1,1590.0,5000.0
2026-09-07T21:15:35.738483+00:00,complete,False,1589501952,727408640,1,GPU-1c3d83bb-e61f-6723-2bf6-f01f4d191540,Tesla T4,3.0,15360.0,0.0,59.0,36.94,1590.0,5000.0
2026-09-07T21:15:36.039351+00:00,complete,False,1666097152,947490816,0,GPU-402586f7-0122-74ef-28ef-9d9c58864a48,Tesla T4,3.0,15360.0,0.0,58.0,29.79,705.0,5000.0
2026-09-07T21:15:36.039351+00:00,complete,False,1666097152,947490816,1,GPU-1c3d83bb-e61f-6723-2bf6-f01f4d191540,Tesla T4,3.0,15360.0,0.0,59.0,29.12,585.0,5000.0
2026-09-07T21:15:36.346624+00:00,complete,False,1698889728,1040695296,0,GPU-402586f7-0122-74ef-28ef-9d9c58864a48,Tesla T4,3.0,15360.0,0.0,58.0,29.69,645.0,5000.0
2026-09-07T21:15:36.346624+00:00,complete,False,1698889728,1040695296,1,GPU-1c3d83bb-e61f-6723-2bf6-f01f4d191540,Tesla T4,3.0,15360.0,0.0,59.0,29.12,585.0,5000.0
2026-09-07T21:15:36.651154+00:00,complete,False,1706999808,1066356736,0,GPU-402586f7-0122-74ef-28ef-9d9c58864a48,Tesla T4,3.0,15360.0,0.0,58.0,29.4,375.0,5000.0
2026-09-07T21:15:36.651154+00:00,complete,False,1706999808,1066356736,1,GPU-1c3d83bb-e61f-6723-2bf6-f01f4d191540,Tesla T4,3.0,15360.0,0.0,58.0,29.1,585.0,5000.0
2026-09-07T21:15:36.956949+00:00,complete,False,1722093568,1080467456,0,GPU-402586f7-0122-74ef-28ef-9d9c58864a48,Tesla T4,3.0,15360.0,0.0,58.0,29.4,375.0,5000.0
2026-09-07T21:15:36.956949+00:00,complete,False,1722093568,1080467456,1,GPU-1c3d83bb-e61f-6723-2bf6-f01f4d191540,Tesla T4,3.0,15360.0,0.0,58.0,28.92,375.0,5000.0
2026-09-07T21:15:37.268209+00:00,complete,False,1742594048,1094856704,0,GPU-402586f7-0122-74ef-28ef-9d9c58864a48,Tesla T4,3.0,15360.0,0.0,56.0,15.11,375.0,405.0
2026-09-07T21:15:37.268209+00:00,complete,False,1742594048,1094856704,1,GPU-1c3d83bb-e61f-6723-2bf6-f01f4d191540,Tesla T4,3.0,15360.0,0.0,57.0,15.01,375.0,405.0
2026-09-07T21:15:37.592685+00:00,complete,False,1763409920,1117122560,0,GPU-402586f7-0122-74ef-28ef-9d9c58864a48,Tesla T4,3.0,15360.0,0.0,56.0,15.11,375.0,405.0
2026-09-07T21:15:37.592685+00:00,complete,False,1763409920,1117122560,1,GPU-1c3d83bb-e61f-6723-2bf6-f01f4d191540,Tesla T4,3.0,15360.0,0.0,57.0,14.91,375.0,405.0
2026-09-07T21:15:37.918135+00:00,complete,False,2010091520,1668079616,0,GPU-402586f7-0122-74ef-28ef-9d9c58864a48,Tesla T4,3.0,15360.0,0.0,56.0,15.01,375.0,405.0
2026-09-07T21:15:37.918135+00:00,complete,False,2010091520,1668079616,1,GPU-1c3d83bb-e61f-6723-2bf6-f01f4d191540,Tesla T4,3.0,15360.0,0.0,57.0,17.29,300.0,405.0
2026-09-07T21:15:38.248636+00:00,complete,False,2152468480,1997152256,0,GPU-402586f7-0122-74ef-28ef-9d9c58864a48,Tesla T4,3.0,15360.0,0.0,55.0,10.85,300.0,405.0
2026-09-07T21:15:38.248636+00:00,complete,False,2152468480,1997152256,1,GPU-1c3d83bb-e61f-6723-2bf6-f01f4d191540,Tesla T4,3.0,15360.0,0.0,57.0,10.56,300.0,405.0
2026-09-07T21:15:38.580416+00:00,complete,False,2224230400,2101407744,0,GPU-402586f7-0122-74ef-28ef-9d9c58864a48,Tesla T4,3.0,15360.0,0.0,55.0,10.75,300.0,405.0
2026-09-07T21:15:38.580416+00:00,complete,False,2224230400,2101407744,1,GPU-1c3d83bb-e61f-6723-2bf6-f01f4d191540,Tesla T4,3.0,15360.0,0.0,57.0,10.46,300.0,405.0
2026-09-07T21:15:38.914208+00:00,complete,False,2267484160,2146332672,0,GPU-402586f7-0122-74ef-28ef-9d9c58864a48,Tesla T4,3.0,15360.0,0.0,55.0,10.65,300.0,405.0
2026-09-07T21:15:38.914208+00:00,complete,False,2267484160,2146332672,1,GPU-1c3d83bb-e61f-6723-2bf6-f01f4d191540,Tesla T4,3.0,15360.0,0.0,56.0,10.95,300.0,405.0
2026-09-07T21:15:39.245630+00:00,complete,False,2311380992,2167058432,0,GPU-402586f7-0122-74ef-28ef-9d9c58864a48,Tesla T4,3.0,15360.0,0.0,55.0,10.85,300.0,405.0
2026-09-07T21:15:39.245630+00:00,complete,False,2311380992,2167058432,1,GPU-1c3d83bb-e61f-6723-2bf6-f01f4d191540,Tesla T4,3.0,15360.0,0.0,57.0,10.65,300.0,405.0
2026-09-07T21:15:39.576708+00:00,complete,False,2354532352,2198302720,0,GPU-402586f7-0122-74ef-28ef-9d9c58864a48,Tesla T4,3.0,15360.0,0.0,55.0,11.94,585.0,5000.0
2026-09-07T21:15:39.576708+00:00,complete,False,2354532352,2198302720,1,GPU-1c3d83bb-e61f-6723-2bf6-f01f4d191540,Tesla T4,3.0,15360.0,0.0,56.0,12.83,300.0,405.0
2026-09-07T21:15:39.948583+00:00,complete,False,2527432704,2384334848,0,GPU-402586f7-0122-74ef-28ef-9d9c58864a48,Tesla T4,107.0,15360.0,0.0,57.0,29.79,735.0,5000.0
2026-09-07T21:15:39.948583+00:00,complete,False,2527432704,2384334848,1,GPU-1c3d83bb-e61f-6723-2bf6-f01f4d191540,Tesla T4,13.0,15360.0,0.0,58.0,29.5,585.0,5000.0
2026-09-07T21:15:40.294854+00:00,warmup_1024,False,2819678208,2785796096,0,GPU-402586f7-0122-74ef-28ef-9d9c58864a48,Tesla T4,169.0,15360.0,3.0,57.0,29.79,645.0,5000.0
2026-09-07T21:15:40.294854+00:00,warmup_1024,False,2819678208,2785796096,1,GPU-1c3d83bb-e61f-6723-2bf6-f01f4d191540,Tesla T4,157.0,15360.0,3.0,58.0,29.21,630.0,5000.0
2026-09-07T21:15:40.608134+00:00,warmup_16384,False,3047743488,3110961152,0,GPU-402586f7-0122-74ef-28ef-9d9c58864a48,Tesla T4,207.0,15360.0,3.0,57.0,29.89,615.0,5000.0
2026-09-07T21:15:40.608134+00:00,warmup_16384,False,3047743488,3110961152,1,GPU-1c3d83bb-e61f-6723-2bf6-f01f4d191540,Tesla T4,207.0,15360.0,8.0,58.0,29.12,585.0,5000.0
2026-09-07T21:15:40.919649+00:00,measured_4194304,True,3067039744,3112140800,0,GPU-402586f7-0122-74ef-28ef-9d9c58864a48,Tesla T4,229.0,15360.0,59.0,57.0,32.05,870.0,5000.0
2026-09-07T21:15:40.919649+00:00,measured_4194304,True,3067039744,3112140800,1,GPU-1c3d83bb-e61f-6723-2bf6-f01f4d191540,Tesla T4,229.0,15360.0,74.0,58.0,31.08,1095.0,5000.0
2026-09-07T21:15:41.235156+00:00,measured_16777216,True,3067027456,3112210432,0,GPU-402586f7-0122-74ef-28ef-9d9c58864a48,Tesla T4,243.0,15360.0,86.0,59.0,45.34,1590.0,5000.0
2026-09-07T21:15:41.235156+00:00,measured_16777216,True,3067027456,3112210432,1,GPU-1c3d83bb-e61f-6723-2bf6-f01f4d191540,Tesla T4,243.0,15360.0,90.0,59.0,44.38,1590.0,5000.0
2026-09-07T21:15:41.544079+00:00,warmup_33554432,False,3066916864,3112284160,0,GPU-402586f7-0122-74ef-28ef-9d9c58864a48,Tesla T4,271.0,15360.0,93.0,59.0,45.74,1590.0,5000.0
2026-09-07T21:15:41.544079+00:00,warmup_33554432,False,3066916864,3112284160,1,GPU-1c3d83bb-e61f-6723-2bf6-f01f4d191540,Tesla T4,271.0,15360.0,93.0,60.0,44.95,1590.0,5000.0
2026-09-07T21:15:41.851488+00:00,measured_33554432,True,3066896384,3112292352,0,GPU-402586f7-0122-74ef-28ef-9d9c58864a48,Tesla T4,271.0,15360.0,96.0,59.0,46.2,1590.0,5000.0
2026-09-07T21:15:41.851488+00:00,measured_33554432,True,3066896384,3112292352,1,GPU-1c3d83bb-e61f-6723-2bf6-f01f4d191540,Tesla T4,271.0,15360.0,99.0,60.0,44.65,1590.0,5000.0
2026-09-07T21:15:42.161711+00:00,measured_33554432,True,3083382784,3112292352,0,GPU-402586f7-0122-74ef-28ef-9d9c58864a48,Tesla T4,271.0,15360.0,97.0,60.0,46.3,1590.0,5000.0
2026-09-07T21:15:42.161711+00:00,measured_33554432,True,3083382784,3112292352,1,GPU-1c3d83bb-e61f-6723-2bf6-f01f4d191540,Tesla T4,271.0,15360.0,97.0,60.0,44.95,1590.0,5000.0
2026-09-07T21:15:42.470309+00:00,measured_33554432,True,3083382784,3112308736,0,GPU-402586f7-0122-74ef-28ef-9d9c58864a48,Tesla T4,271.0,15360.0,97.0,60.0,46.0,1590.0,5000.0
2026-09-07T21:15:42.470309+00:00,measured_33554432,True,3083382784,3112308736,1,GPU-1c3d83bb-e61f-6723-2bf6-f01f4d191540,Tesla T4,271.0,15360.0,96.0,60.0,44.53,1590.0,5000.0
2026-09-07T21:15:42.778981+00:00,warmup_67108864,False,3083374592,3112505344,0,GPU-402586f7-0122-74ef-28ef-9d9c58864a48,Tesla T4,335.0,15360.0,97.0,60.0,46.69,1590.0,5000.0
2026-09-07T21:15:42.778981+00:00,warmup_67108864,False,3083374592,3112505344,1,GPU-1c3d83bb-e61f-6723-2bf6-f01f4d191540,Tesla T4,335.0,15360.0,99.0,60.0,45.44,1590.0,5000.0
2026-09-07T21:15:43.087364+00:00,measured_67108864,True,3075710976,3112505344,0,GPU-402586f7-0122-74ef-28ef-9d9c58864a48,Tesla T4,335.0,15360.0,98.0,60.0,46.0,1590.0,5000.0
2026-09-07T21:15:43.087364+00:00,measured_67108864,True,3075710976,3112505344,1,GPU-1c3d83bb-e61f-6723-2bf6-f01f4d191540,Tesla T4,335.0,15360.0,100.0,60.0,44.92,1590.0,5000.0
2026-09-07T21:15:43.395380+00:00,measured_67108864,True,3089793024,3112505344,0,GPU-402586f7-0122-74ef-28ef-9d9c58864a48,Tesla T4,335.0,15360.0,97.0,60.0,46.0,1590.0,5000.0
2026-09-07T21:15:43.395380+00:00,measured_67108864,True,3089793024,3112505344,1,GPU-1c3d83bb-e61f-6723-2bf6-f01f4d191540,Tesla T4,335.0,15360.0,98.0,61.0,45.34,1590.0,5000.0
2026-09-07T21:15:43.705562+00:00,measured_67108864,True,3089809408,3112509440,0,GPU-402586f7-0122-74ef-28ef-9d9c58864a48,Tesla T4,335.0,15360.0,98.0,60.0,46.49,1590.0,5000.0
2026-09-07T21:15:43.705562+00:00,measured_67108864,True,3089809408,3112509440,1,GPU-1c3d83bb-e61f-6723-2bf6-f01f4d191540,Tesla T4,335.0,15360.0,98.0,61.0,45.15,1590.0,5000.0
2026-09-07T21:15:44.016006+00:00,measured_67108864,True,3073810432,3112513536,0,GPU-402586f7-0122-74ef-28ef-9d9c58864a48,Tesla T4,335.0,15360.0,98.0,60.0,46.59,1590.0,5000.0
2026-09-07T21:15:44.016006+00:00,measured_67108864,True,3073810432,3112513536,1,GPU-1c3d83bb-e61f-6723-2bf6-f01f4d191540,Tesla T4,335.0,15360.0,98.0,61.0,45.44,1590.0,5000.0
2026-09-07T21:15:44.325283+00:00,measured_67108864,True,3074797568,3112513536,0,GPU-402586f7-0122-74ef-28ef-9d9c58864a48,Tesla T4,335.0,15360.0,98.0,60.0,46.69,1590.0,5000.0
2026-09-07T21:15:44.325283+00:00,measured_67108864,True,3074797568,3112513536,1,GPU-1c3d83bb-e61f-6723-2bf6-f01f4d191540,Tesla T4,335.0,15360.0,98.0,61.0,45.05,1590.0,5000.0
2026-09-07T21:15:44.634114+00:00,measured_67108864,True,3075055616,3112517632,0,GPU-402586f7-0122-74ef-28ef-9d9c58864a48,Tesla T4,335.0,15360.0,98.0,60.0,46.99,1590.0,5000.0
2026-09-07T21:15:44.634114+00:00,measured_67108864,True,3075055616,3112517632,1,GPU-1c3d83bb-e61f-6723-2bf6-f01f4d191540,Tesla T4,335.0,15360.0,98.0,61.0,45.54,1590.0,5000.0
2026-09-07T21:15:44.936070+00:00,complete,False,3075026944,3038625792,0,GPU-402586f7-0122-74ef-28ef-9d9c58864a48,Tesla T4,335.0,15360.0,0.0,60.0,38.5,1590.0,5000.0
2026-09-07T21:15:44.936070+00:00,complete,False,3075026944,3038625792,1,GPU-1c3d83bb-e61f-6723-2bf6-f01f4d191540,Tesla T4,335.0,15360.0,0.0,60.0,37.33,1590.0,5000.0
2026-09-07T21:15:45.233470+00:00,complete,False,3025068032,2961977344,0,GPU-402586f7-0122-74ef-28ef-9d9c58864a48,Tesla T4,319.0,15360.0,0.0,60.0,38.4,1590.0,5000.0
2026-09-07T21:15:45.233470+00:00,complete,False,3025068032,2961977344,1,GPU-1c3d83bb-e61f-6723-2bf6-f01f4d191540,Tesla T4,319.0,15360.0,0.0,60.0,37.24,1590.0,5000.0
2026-09-07T21:15:45.536757+00:00,complete,False,1808613376,1117507584,0,GPU-402586f7-0122-74ef-28ef-9d9c58864a48,Tesla T4,3.0,15360.0,0.0,60.0,40.84,1590.0,5000.0
2026-09-07T21:15:45.536757+00:00,complete,False,1808613376,1117507584,1,GPU-1c3d83bb-e61f-6723-2bf6-f01f4d191540,Tesla T4,3.0,15360.0,0.0,60.0,37.33,1590.0,5000.0
2026-09-07T21:15:45.843503+00:00,complete,False,1721032704,1132072960,0,GPU-402586f7-0122-74ef-28ef-9d9c58864a48,Tesla T4,3.0,15360.0,4.0,60.0,38.12,1590.0,5000.0
2026-09-07T21:15:45.843503+00:00,complete,False,1721032704,1132072960,1,GPU-1c3d83bb-e61f-6723-2bf6-f01f4d191540,Tesla T4,3.0,15360.0,4.0,60.0,37.33,1590.0,5000.0
2026-09-07T21:15:46.142137+00:00,complete,False,1455849472,576729088,0,GPU-402586f7-0122-74ef-28ef-9d9c58864a48,Tesla T4,3.0,15360.0,0.0,60.0,38.12,1590.0,5000.0
2026-09-07T21:15:46.142137+00:00,complete,False,1455849472,576729088,1,GPU-1c3d83bb-e61f-6723-2bf6-f01f4d191540,Tesla T4,3.0,15360.0,0.0,60.0,37.33,1590.0,5000.0
2026-09-07T21:15:46.438604+00:00,complete,False,1556893696,907329536,0,GPU-402586f7-0122-74ef-28ef-9d9c58864a48,Tesla T4,3.0,15360.0,0.0,60.0,38.12,1590.0,5000.0
2026-09-07T21:15:46.438604+00:00,complete,False,1556893696,907329536,1,GPU-1c3d83bb-e61f-6723-2bf6-f01f4d191540,Tesla T4,3.0,15360.0,0.0,60.0,37.24,1590.0,5000.0
2026-09-07T21:15:46.736861+00:00,complete,False,1605742592,1017405440,0,GPU-402586f7-0122-74ef-28ef-9d9c58864a48,Tesla T4,3.0,15360.0,0.0,59.0,29.59,375.0,5000.0
2026-09-07T21:15:46.736861+00:00,complete,False,1605742592,1017405440,1,GPU-1c3d83bb-e61f-6723-2bf6-f01f4d191540,Tesla T4,3.0,15360.0,0.0,60.0,29.3,630.0,5000.0
2026-09-07T21:15:47.076245+00:00,complete,False,1640472576,1057427456,0,GPU-402586f7-0122-74ef-28ef-9d9c58864a48,Tesla T4,3.0,15360.0,0.0,59.0,29.59,375.0,5000.0
2026-09-07T21:15:47.076245+00:00,complete,False,1640472576,1057427456,1,GPU-1c3d83bb-e61f-6723-2bf6-f01f4d191540,Tesla T4,3.0,15360.0,0.0,60.0,29.12,375.0,5000.0
2026-09-07T21:15:47.385676+00:00,complete,False,1674080256,1074511872,0,GPU-402586f7-0122-74ef-28ef-9d9c58864a48,Tesla T4,3.0,15360.0,0.0,58.0,18.86,375.0,405.0
2026-09-07T21:15:47.385676+00:00,complete,False,1674080256,1074511872,1,GPU-1c3d83bb-e61f-6723-2bf6-f01f4d191540,Tesla T4,3.0,15360.0,0.0,59.0,18.38,375.0,405.0
2026-09-07T21:15:47.713070+00:00,complete,False,1707237376,1089220608,0,GPU-402586f7-0122-74ef-28ef-9d9c58864a48,Tesla T4,3.0,15360.0,0.0,57.0,15.21,375.0,405.0
2026-09-07T21:15:47.713070+00:00,complete,False,1707237376,1089220608,1,GPU-1c3d83bb-e61f-6723-2bf6-f01f4d191540,Tesla T4,3.0,15360.0,0.0,58.0,15.02,375.0,405.0
2026-09-07T21:15:48.037237+00:00,complete,False,1715572736,1101250560,0,GPU-402586f7-0122-74ef-28ef-9d9c58864a48,Tesla T4,3.0,15360.0,0.0,57.0,15.2,375.0,405.0
2026-09-07T21:15:48.037237+00:00,complete,False,1715572736,1101250560,1,GPU-1c3d83bb-e61f-6723-2bf6-f01f4d191540,Tesla T4,3.0,15360.0,0.0,58.0,15.01,375.0,405.0
2026-09-07T21:15:48.364825+00:00,complete,False,1746341888,1175699456,0,GPU-402586f7-0122-74ef-28ef-9d9c58864a48,Tesla T4,3.0,15360.0,0.0,57.0,15.11,375.0,405.0
2026-09-07T21:15:48.364825+00:00,complete,False,1746341888,1175699456,1,GPU-1c3d83bb-e61f-6723-2bf6-f01f4d191540,Tesla T4,3.0,15360.0,0.0,58.0,15.01,375.0,405.0
2026-09-07T21:15:48.700666+00:00,complete,False,2077069312,1887334400,0,GPU-402586f7-0122-74ef-28ef-9d9c58864a48,Tesla T4,3.0,15360.0,0.0,57.0,11.15,300.0,405.0
2026-09-07T21:15:48.700666+00:00,complete,False,2077069312,1887334400,1,GPU-1c3d83bb-e61f-6723-2bf6-f01f4d191540,Tesla T4,3.0,15360.0,0.0,58.0,10.65,300.0,405.0
2026-09-07T21:15:49.031396+00:00,complete,False,2167255040,2081325056,0,GPU-402586f7-0122-74ef-28ef-9d9c58864a48,Tesla T4,3.0,15360.0,0.0,57.0,11.05,300.0,405.0
2026-09-07T21:15:49.031396+00:00,complete,False,2167255040,2081325056,1,GPU-1c3d83bb-e61f-6723-2bf6-f01f4d191540,Tesla T4,3.0,15360.0,0.0,57.0,10.75,300.0,405.0
2026-09-07T21:15:49.363287+00:00,complete,False,2232397824,2133155840,0,GPU-402586f7-0122-74ef-28ef-9d9c58864a48,Tesla T4,3.0,15360.0,0.0,56.0,10.95,300.0,405.0
2026-09-07T21:15:49.363287+00:00,complete,False,2232397824,2133155840,1,GPU-1c3d83bb-e61f-6723-2bf6-f01f4d191540,Tesla T4,3.0,15360.0,0.0,57.0,10.95,300.0,405.0
2026-09-07T21:15:49.694508+00:00,complete,False,2256883712,2160332800,0,GPU-402586f7-0122-74ef-28ef-9d9c58864a48,Tesla T4,3.0,15360.0,0.0,56.0,11.74,300.0,405.0
2026-09-07T21:15:49.694508+00:00,complete,False,2256883712,2160332800,1,GPU-1c3d83bb-e61f-6723-2bf6-f01f4d191540,Tesla T4,3.0,15360.0,0.0,57.0,11.05,300.0,405.0
2026-09-07T21:15:50.027131+00:00,complete,False,2290941952,2188800000,0,GPU-402586f7-0122-74ef-28ef-9d9c58864a48,Tesla T4,3.0,15360.0,0.0,56.0,10.85,300.0,405.0
2026-09-07T21:15:50.027131+00:00,complete,False,2290941952,2188800000,1,GPU-1c3d83bb-e61f-6723-2bf6-f01f4d191540,Tesla T4,3.0,15360.0,0.0,57.0,10.65,300.0,405.0
2026-09-07T21:15:50.358464+00:00,complete,False,2385551360,2294247424,0,GPU-402586f7-0122-74ef-28ef-9d9c58864a48,Tesla T4,13.0,15360.0,0.0,58.0,29.79,585.0,5000.0
2026-09-07T21:15:50.358464+00:00,complete,False,2385551360,2294247424,1,GPU-1c3d83bb-e61f-6723-2bf6-f01f4d191540,Tesla T4,13.0,15360.0,0.0,58.0,19.65,585.0,5000.0
2026-09-07T21:15:50.746137+00:00,warmup_1024,False,2628001792,2660110336,0,GPU-402586f7-0122-74ef-28ef-9d9c58864a48,Tesla T4,141.0,15360.0,5.0,58.0,29.89,735.0,5000.0
2026-09-07T21:15:50.746137+00:00,warmup_1024,False,2628001792,2660110336,1,GPU-1c3d83bb-e61f-6723-2bf6-f01f4d191540,Tesla T4,123.0,15360.0,5.0,59.0,29.31,690.0,5000.0
2026-09-07T21:15:51.059552+00:00,measured_1024,True,2899951616,3015872512,0,GPU-402586f7-0122-74ef-28ef-9d9c58864a48,Tesla T4,205.0,15360.0,4.0,58.0,29.89,645.0,5000.0
2026-09-07T21:15:51.059552+00:00,measured_1024,True,2899951616,3015872512,1,GPU-1c3d83bb-e61f-6723-2bf6-f01f4d191540,Tesla T4,205.0,15360.0,5.0,59.0,29.31,630.0,5000.0
2026-09-07T21:15:51.374487+00:00,measured_4194304,True,2980855808,3113070592,0,GPU-402586f7-0122-74ef-28ef-9d9c58864a48,Tesla T4,229.0,15360.0,36.0,58.0,30.68,600.0,5000.0
2026-09-07T21:15:51.374487+00:00,measured_4194304,True,2980855808,3113070592,1,GPU-1c3d83bb-e61f-6723-2bf6-f01f4d191540,Tesla T4,229.0,15360.0,51.0,59.0,31.57,765.0,5000.0
2026-09-07T21:15:51.689813+00:00,measured_16777216,True,2980843520,3113136128,0,GPU-402586f7-0122-74ef-28ef-9d9c58864a48,Tesla T4,243.0,15360.0,94.0,59.0,35.36,1590.0,5000.0
2026-09-07T21:15:51.689813+00:00,measured_16777216,True,2980843520,3113136128,1,GPU-1c3d83bb-e61f-6723-2bf6-f01f4d191540,Tesla T4,243.0,15360.0,86.0,60.0,44.75,1590.0,5000.0
2026-09-07T21:15:51.998510+00:00,measured_16777216,True,2980843520,3113144320,0,GPU-402586f7-0122-74ef-28ef-9d9c58864a48,Tesla T4,243.0,15360.0,93.0,60.0,45.93,1590.0,5000.0
2026-09-07T21:15:51.998510+00:00,measured_16777216,True,2980843520,3113144320,1,GPU-1c3d83bb-e61f-6723-2bf6-f01f4d191540,Tesla T4,243.0,15360.0,94.0,61.0,44.65,1590.0,5000.0
2026-09-07T21:15:52.306606+00:00,measured_33554432,True,2981056512,3113218048,0,GPU-402586f7-0122-74ef-28ef-9d9c58864a48,Tesla T4,271.0,15360.0,99.0,60.0,46.49,1590.0,5000.0
2026-09-07T21:15:52.306606+00:00,measured_33554432,True,2981056512,3113218048,1,GPU-1c3d83bb-e61f-6723-2bf6-f01f4d191540,Tesla T4,271.0,15360.0,96.0,61.0,45.15,1590.0,5000.0
2026-09-07T21:15:52.617373+00:00,measured_33554432,True,2981212160,3113226240,0,GPU-402586f7-0122-74ef-28ef-9d9c58864a48,Tesla T4,271.0,15360.0,96.0,60.0,46.3,1590.0,5000.0
2026-09-07T21:15:52.617373+00:00,measured_33554432,True,2981212160,3113226240,1,GPU-1c3d83bb-e61f-6723-2bf6-f01f4d191540,Tesla T4,271.0,15360.0,97.0,61.0,45.02,1590.0,5000.0
2026-09-07T21:15:52.925735+00:00,measured_33554432,True,2981212160,3113230336,0,GPU-402586f7-0122-74ef-28ef-9d9c58864a48,Tesla T4,271.0,15360.0,97.0,61.0,46.59,1590.0,5000.0
2026-09-07T21:15:52.925735+00:00,measured_33554432,True,2981212160,3113230336,1,GPU-1c3d83bb-e61f-6723-2bf6-f01f4d191540,Tesla T4,271.0,15360.0,96.0,61.0,44.95,1590.0,5000.0
2026-09-07T21:15:53.239577+00:00,warmup_67108864,False,2985525248,3113443328,0,GPU-402586f7-0122-74ef-28ef-9d9c58864a48,Tesla T4,335.0,15360.0,96.0,61.0,46.4,1590.0,5000.0
2026-09-07T21:15:53.239577+00:00,warmup_67108864,False,2985525248,3113443328,1,GPU-1c3d83bb-e61f-6723-2bf6-f01f4d191540,Tesla T4,335.0,15360.0,96.0,61.0,45.24,1590.0,5000.0
2026-09-07T21:15:53.556849+00:00,measured_67108864,True,2991706112,3113443328,0,GPU-402586f7-0122-74ef-28ef-9d9c58864a48,Tesla T4,335.0,15360.0,99.0,61.0,46.4,1590.0,5000.0
2026-09-07T21:15:53.556849+00:00,measured_67108864,True,2991706112,3113443328,1,GPU-1c3d83bb-e61f-6723-2bf6-f01f4d191540,Tesla T4,335.0,15360.0,98.0,61.0,45.34,1590.0,5000.0
2026-09-07T21:15:53.867439+00:00,measured_67108864,True,3011059712,3113447424,0,GPU-402586f7-0122-74ef-28ef-9d9c58864a48,Tesla T4,335.0,15360.0,98.0,61.0,46.49,1590.0,5000.0
2026-09-07T21:15:53.867439+00:00,measured_67108864,True,3011059712,3113447424,1,GPU-1c3d83bb-e61f-6723-2bf6-f01f4d191540,Tesla T4,335.0,15360.0,98.0,62.0,45.54,1590.0,5000.0
2026-09-07T21:15:54.179055+00:00,measured_67108864,True,3005366272,3113451520,0,GPU-402586f7-0122-74ef-28ef-9d9c58864a48,Tesla T4,335.0,15360.0,98.0,61.0,46.69,1590.0,5000.0
2026-09-07T21:15:54.179055+00:00,measured_67108864,True,3005366272,3113451520,1,GPU-1c3d83bb-e61f-6723-2bf6-f01f4d191540,Tesla T4,335.0,15360.0,98.0,62.0,45.54,1590.0,5000.0
2026-09-07T21:15:54.489576+00:00,measured_67108864,True,3021619200,3113455616,0,GPU-402586f7-0122-74ef-28ef-9d9c58864a48,Tesla T4,335.0,15360.0,98.0,61.0,47.11,1590.0,5000.0
2026-09-07T21:15:54.489576+00:00,measured_67108864,True,3021619200,3113455616,1,GPU-1c3d83bb-e61f-6723-2bf6-f01f4d191540,Tesla T4,335.0,15360.0,98.0,62.0,46.03,1590.0,5000.0
2026-09-07T21:15:54.799095+00:00,measured_67108864,True,3037872128,3113455616,0,GPU-402586f7-0122-74ef-28ef-9d9c58864a48,Tesla T4,335.0,15360.0,98.0,61.0,47.38,1590.0,5000.0
2026-09-07T21:15:54.799095+00:00,measured_67108864,True,3037872128,3113455616,1,GPU-1c3d83bb-e61f-6723-2bf6-f01f4d191540,Tesla T4,335.0,15360.0,98.0,62.0,45.44,1590.0,5000.0
2026-09-07T21:15:55.107787+00:00,measured_67108864,True,3054129152,3113455616,0,GPU-402586f7-0122-74ef-28ef-9d9c58864a48,Tesla T4,335.0,15360.0,98.0,61.0,46.79,1590.0,5000.0
2026-09-07T21:15:55.107787+00:00,measured_67108864,True,3054129152,3113455616,1,GPU-1c3d83bb-e61f-6723-2bf6-f01f4d191540,Tesla T4,335.0,15360.0,98.0,62.0,45.93,1590.0,5000.0
2026-09-07T21:15:55.416365+00:00,complete,False,3070103552,3039531008,0,GPU-402586f7-0122-74ef-28ef-9d9c58864a48,Tesla T4,335.0,15360.0,30.0,61.0,38.5,1590.0,5000.0
2026-09-07T21:15:55.416365+00:00,complete,False,3070103552,3039531008,1,GPU-1c3d83bb-e61f-6723-2bf6-f01f4d191540,Tesla T4,335.0,15360.0,0.0,61.0,37.43,1590.0,5000.0
2026-09-07T21:15:55.712167+00:00,complete,False,2947502080,2962882560,0,GPU-402586f7-0122-74ef-28ef-9d9c58864a48,Tesla T4,319.0,15360.0,0.0,61.0,38.4,1590.0,5000.0
2026-09-07T21:15:55.712167+00:00,complete,False,2947502080,2962882560,1,GPU-1c3d83bb-e61f-6723-2bf6-f01f4d191540,Tesla T4,319.0,15360.0,0.0,61.0,37.24,1590.0,5000.0
2026-09-07T21:15:56.015068+00:00,complete,False,1935839232,1118478336,0,GPU-402586f7-0122-74ef-28ef-9d9c58864a48,Tesla T4,3.0,15360.0,0.0,61.0,38.89,1590.0,5000.0
2026-09-07T21:15:56.015068+00:00,complete,False,1935839232,1118478336,1,GPU-1c3d83bb-e61f-6723-2bf6-f01f4d191540,Tesla T4,3.0,15360.0,0.0,61.0,37.63,1590.0,5000.0
2026-09-07T21:15:56.355422+00:00,complete,False,1731231744,1132871680,0,GPU-402586f7-0122-74ef-28ef-9d9c58864a48,Tesla T4,3.0,15360.0,0.0,61.0,38.5,1590.0,5000.0
2026-09-07T21:15:56.355422+00:00,complete,False,1731231744,1132871680,1,GPU-1c3d83bb-e61f-6723-2bf6-f01f4d191540,Tesla T4,3.0,15360.0,0.0,61.0,37.24,1590.0,5000.0
2026-09-07T21:15:56.653175+00:00,complete,False,1543921664,577060864,0,GPU-402586f7-0122-74ef-28ef-9d9c58864a48,Tesla T4,3.0,15360.0,0.0,61.0,38.5,1590.0,5000.0
2026-09-07T21:15:56.653175+00:00,complete,False,1543921664,577060864,1,GPU-1c3d83bb-e61f-6723-2bf6-f01f4d191540,Tesla T4,3.0,15360.0,0.0,61.0,37.24,1590.0,5000.0
2026-09-07T21:15:56.951627+00:00,complete,False,1577345024,908881920,0,GPU-402586f7-0122-74ef-28ef-9d9c58864a48,Tesla T4,3.0,15360.0,0.0,60.0,30.37,795.0,5000.0
2026-09-07T21:15:56.951627+00:00,complete,False,1577345024,908881920,1,GPU-1c3d83bb-e61f-6723-2bf6-f01f4d191540,Tesla T4,3.0,15360.0,0.0,61.0,37.33,630.0,5000.0
2026-09-07T21:15:57.258006+00:00,complete,False,1634926592,1023983616,0,GPU-402586f7-0122-74ef-28ef-9d9c58864a48,Tesla T4,3.0,15360.0,0.0,60.0,29.99,735.0,5000.0
2026-09-07T21:15:57.258006+00:00,complete,False,1634926592,1023983616,1,GPU-1c3d83bb-e61f-6723-2bf6-f01f4d191540,Tesla T4,3.0,15360.0,0.0,61.0,29.4,585.0,5000.0
2026-09-07T21:15:57.586743+00:00,complete,False,1662558208,1062629376,0,GPU-402586f7-0122-74ef-28ef-9d9c58864a48,Tesla T4,3.0,15360.0,0.0,60.0,29.89,615.0,5000.0
2026-09-07T21:15:57.586743+00:00,complete,False,1662558208,1062629376,1,GPU-1c3d83bb-e61f-6723-2bf6-f01f4d191540,Tesla T4,3.0,15360.0,0.0,61.0,29.5,585.0,5000.0
2026-09-07T21:15:57.894160+00:00,complete,False,1665937408,1077424128,0,GPU-402586f7-0122-74ef-28ef-9d9c58864a48,Tesla T4,3.0,15360.0,0.0,60.0,29.69,360.0,5000.0
2026-09-07T21:15:57.894160+00:00,complete,False,1665937408,1077424128,1,GPU-1c3d83bb-e61f-6723-2bf6-f01f4d191540,Tesla T4,3.0,15360.0,0.0,61.0,29.21,375.0,5000.0
2026-09-07T21:15:58.204116+00:00,complete,False,1685123072,1092861952,0,GPU-402586f7-0122-74ef-28ef-9d9c58864a48,Tesla T4,3.0,15360.0,0.0,59.0,18.86,360.0,405.0
2026-09-07T21:15:58.204116+00:00,complete,False,1685123072,1092861952,1,GPU-1c3d83bb-e61f-6723-2bf6-f01f4d191540,Tesla T4,3.0,15360.0,0.0,60.0,18.57,375.0,405.0
2026-09-07T21:15:58.529030+00:00,complete,False,1709363200,1117925376,0,GPU-402586f7-0122-74ef-28ef-9d9c58864a48,Tesla T4,3.0,15360.0,0.0,58.0,15.31,360.0,405.0
2026-09-07T21:15:58.529030+00:00,complete,False,1709363200,1117925376,1,GPU-1c3d83bb-e61f-6723-2bf6-f01f4d191540,Tesla T4,3.0,15360.0,0.0,59.0,15.11,375.0,405.0
2026-09-07T21:15:58.853487+00:00,complete,False,1709400064,1119367168,0,GPU-402586f7-0122-74ef-28ef-9d9c58864a48,Tesla T4,3.0,15360.0,0.0,58.0,15.21,360.0,405.0
2026-09-07T21:15:58.853487+00:00,complete,False,1709400064,1119367168,1,GPU-1c3d83bb-e61f-6723-2bf6-f01f4d191540,Tesla T4,3.0,15360.0,0.0,59.0,15.01,375.0,405.0
2026-09-07T21:15:59.183780+00:00,complete,False,1980411904,1729081344,0,GPU-402586f7-0122-74ef-28ef-9d9c58864a48,Tesla T4,3.0,15360.0,0.0,58.0,15.21,360.0,405.0
2026-09-07T21:15:59.183780+00:00,complete,False,1980411904,1729081344,1,GPU-1c3d83bb-e61f-6723-2bf6-f01f4d191540,Tesla T4,3.0,15360.0,0.0,59.0,11.05,300.0,405.0
2026-09-07T21:15:59.514484+00:00,complete,False,2133192704,2034327552,0,GPU-402586f7-0122-74ef-28ef-9d9c58864a48,Tesla T4,3.0,15360.0,0.0,58.0,10.95,300.0,405.0
2026-09-07T21:15:59.514484+00:00,complete,False,2133192704,2034327552,1,GPU-1c3d83bb-e61f-6723-2bf6-f01f4d191540,Tesla T4,3.0,15360.0,0.0,59.0,10.95,300.0,405.0
2026-09-07T21:15:59.848935+00:00,complete,False,2172080128,2112507904,0,GPU-402586f7-0122-74ef-28ef-9d9c58864a48,Tesla T4,3.0,15360.0,0.0,58.0,10.75,300.0,405.0
2026-09-07T21:15:59.848935+00:00,complete,False,2172080128,2112507904,1,GPU-1c3d83bb-e61f-6723-2bf6-f01f4d191540,Tesla T4,3.0,15360.0,0.0,58.0,10.95,300.0,405.0
2026-09-07T21:16:00.181814+00:00,complete,False,2226610176,2150076416,0,GPU-402586f7-0122-74ef-28ef-9d9c58864a48,Tesla T4,3.0,15360.0,0.0,57.0,10.75,300.0,405.0
2026-09-07T21:16:00.181814+00:00,complete,False,2226610176,2150076416,1,GPU-1c3d83bb-e61f-6723-2bf6-f01f4d191540,Tesla T4,3.0,15360.0,0.0,58.0,10.75,300.0,405.0
2026-09-07T21:16:00.513560+00:00,complete,False,2276446208,2171809792,0,GPU-402586f7-0122-74ef-28ef-9d9c58864a48,Tesla T4,3.0,15360.0,0.0,57.0,10.75,300.0,405.0
2026-09-07T21:16:00.513560+00:00,complete,False,2276446208,2171809792,1,GPU-1c3d83bb-e61f-6723-2bf6-f01f4d191540,Tesla T4,3.0,15360.0,0.0,58.0,10.85,300.0,405.0
2026-09-07T21:16:00.845916+00:00,complete,False,2309218304,2200252416,0,GPU-402586f7-0122-74ef-28ef-9d9c58864a48,Tesla T4,3.0,15360.0,0.0,57.0,14.32,300.0,405.0
2026-09-07T21:16:00.845916+00:00,complete,False,2309218304,2200252416,1,GPU-1c3d83bb-e61f-6723-2bf6-f01f4d191540,Tesla T4,3.0,15360.0,0.0,58.0,12.44,300.0,405.0
2026-09-07T21:16:01.238478+00:00,complete,False,2459197440,2359685120,0,GPU-402586f7-0122-74ef-28ef-9d9c58864a48,Tesla T4,13.0,15360.0,0.0,59.0,30.28,585.0,5000.0
2026-09-07T21:16:01.238478+00:00,complete,False,2459197440,2359685120,1,GPU-1c3d83bb-e61f-6723-2bf6-f01f4d191540,Tesla T4,21.0,15360.0,0.0,60.0,29.99,690.0,5000.0
2026-09-07T21:16:01.575205+00:00,warmup_1024,False,2715332608,2750267392,0,GPU-402586f7-0122-74ef-28ef-9d9c58864a48,Tesla T4,149.0,15360.0,3.0,59.0,29.99,705.0,5000.0
2026-09-07T21:16:01.575205+00:00,warmup_1024,False,2715332608,2750267392,1,GPU-1c3d83bb-e61f-6723-2bf6-f01f4d191540,Tesla T4,147.0,15360.0,1.0,60.0,29.4,600.0,5000.0
2026-09-07T21:16:01.891807+00:00,measured_4096,True,2959085568,3112259584,0,GPU-402586f7-0122-74ef-28ef-9d9c58864a48,Tesla T4,207.0,15360.0,6.0,59.0,29.79,585.0,5000.0
2026-09-07T21:16:01.891807+00:00,measured_4096,True,2959085568,3112259584,1,GPU-1c3d83bb-e61f-6723-2bf6-f01f4d191540,Tesla T4,207.0,15360.0,6.0,60.0,29.99,585.0,5000.0
2026-09-07T21:16:02.207728+00:00,measured_4194304,True,2978504704,3113582592,0,GPU-402586f7-0122-74ef-28ef-9d9c58864a48,Tesla T4,229.0,15360.0,41.0,59.0,31.85,600.0,5000.0
2026-09-07T21:16:02.207728+00:00,measured_4194304,True,2978504704,3113582592,1,GPU-1c3d83bb-e61f-6723-2bf6-f01f4d191540,Tesla T4,229.0,15360.0,63.0,60.0,32.06,930.0,5000.0
2026-09-07T21:16:02.524788+00:00,measured_16777216,True,2994749440,3113656320,0,GPU-402586f7-0122-74ef-28ef-9d9c58864a48,Tesla T4,243.0,15360.0,95.0,60.0,37.43,1590.0,5000.0
2026-09-07T21:16:02.524788+00:00,measured_16777216,True,2994749440,3113656320,1,GPU-1c3d83bb-e61f-6723-2bf6-f01f4d191540,Tesla T4,243.0,15360.0,86.0,61.0,45.05,1590.0,5000.0
2026-09-07T21:16:02.833267+00:00,measured_16777216,True,2994749440,3113668608,0,GPU-402586f7-0122-74ef-28ef-9d9c58864a48,Tesla T4,271.0,15360.0,93.0,61.0,46.33,1590.0,5000.0
2026-09-07T21:16:02.833267+00:00,measured_16777216,True,2994749440,3113668608,1,GPU-1c3d83bb-e61f-6723-2bf6-f01f4d191540,Tesla T4,271.0,15360.0,94.0,62.0,45.05,1590.0,5000.0
2026-09-07T21:16:03.141162+00:00,measured_33554432,True,2994733056,3113734144,0,GPU-402586f7-0122-74ef-28ef-9d9c58864a48,Tesla T4,271.0,15360.0,97.0,61.0,46.49,1590.0,5000.0
2026-09-07T21:16:03.141162+00:00,measured_33554432,True,2994733056,3113734144,1,GPU-1c3d83bb-e61f-6723-2bf6-f01f4d191540,Tesla T4,271.0,15360.0,98.0,62.0,45.24,1590.0,5000.0
2026-09-07T21:16:03.451448+00:00,measured_33554432,True,2989133824,3113742336,0,GPU-402586f7-0122-74ef-28ef-9d9c58864a48,Tesla T4,271.0,15360.0,95.0,61.0,46.69,1590.0,5000.0
2026-09-07T21:16:03.451448+00:00,measured_33554432,True,2989133824,3113742336,1,GPU-1c3d83bb-e61f-6723-2bf6-f01f4d191540,Tesla T4,271.0,15360.0,96.0,62.0,45.74,1590.0,5000.0
2026-09-07T21:16:03.765254+00:00,measured_33554432,True,2994434048,3113758720,0,GPU-402586f7-0122-74ef-28ef-9d9c58864a48,Tesla T4,271.0,15360.0,97.0,62.0,47.18,1590.0,5000.0
2026-09-07T21:16:03.765254+00:00,measured_33554432,True,2994434048,3113758720,1,GPU-1c3d83bb-e61f-6723-2bf6-f01f4d191540,Tesla T4,271.0,15360.0,96.0,62.0,45.34,1590.0,5000.0
2026-09-07T21:16:04.075603+00:00,warmup_67108864,False,2994655232,3113947136,0,GPU-402586f7-0122-74ef-28ef-9d9c58864a48,Tesla T4,335.0,15360.0,95.0,62.0,47.18,1590.0,5000.0
2026-09-07T21:16:04.075603+00:00,warmup_67108864,False,2994655232,3113947136,1,GPU-1c3d83bb-e61f-6723-2bf6-f01f4d191540,Tesla T4,335.0,15360.0,97.0,62.0,45.74,1590.0,5000.0
2026-09-07T21:16:04.384894+00:00,measured_67108864,True,2994880512,3113947136,0,GPU-402586f7-0122-74ef-28ef-9d9c58864a48,Tesla T4,335.0,15360.0,99.0,62.0,46.69,1590.0,5000.0
2026-09-07T21:16:04.384894+00:00,measured_67108864,True,2994880512,3113947136,1,GPU-1c3d83bb-e61f-6723-2bf6-f01f4d191540,Tesla T4,335.0,15360.0,98.0,62.0,46.33,1590.0,5000.0
2026-09-07T21:16:04.693159+00:00,measured_67108864,True,2994880512,3113951232,0,GPU-402586f7-0122-74ef-28ef-9d9c58864a48,Tesla T4,335.0,15360.0,98.0,62.0,46.89,1590.0,5000.0
2026-09-07T21:16:04.693159+00:00,measured_67108864,True,2994880512,3113951232,1,GPU-1c3d83bb-e61f-6723-2bf6-f01f4d191540,Tesla T4,335.0,15360.0,98.0,62.0,45.61,1590.0,5000.0
2026-09-07T21:16:05.001672+00:00,measured_67108864,True,2994880512,3113955328,0,GPU-402586f7-0122-74ef-28ef-9d9c58864a48,Tesla T4,335.0,15360.0,98.0,62.0,47.58,1590.0,5000.0
2026-09-07T21:16:05.001672+00:00,measured_67108864,True,2994880512,3113955328,1,GPU-1c3d83bb-e61f-6723-2bf6-f01f4d191540,Tesla T4,335.0,15360.0,98.0,62.0,45.74,1590.0,5000.0
2026-09-07T21:16:05.311213+00:00,measured_67108864,True,2995068928,3113959424,0,GPU-402586f7-0122-74ef-28ef-9d9c58864a48,Tesla T4,335.0,15360.0,98.0,62.0,47.38,1590.0,5000.0
2026-09-07T21:16:05.311213+00:00,measured_67108864,True,2995068928,3113959424,1,GPU-1c3d83bb-e61f-6723-2bf6-f01f4d191540,Tesla T4,335.0,15360.0,98.0,63.0,45.44,1590.0,5000.0
2026-09-07T21:16:05.620735+00:00,measured_67108864,True,3011325952,3113959424,0,GPU-402586f7-0122-74ef-28ef-9d9c58864a48,Tesla T4,335.0,15360.0,98.0,62.0,47.28,1590.0,5000.0
2026-09-07T21:16:05.620735+00:00,measured_67108864,True,3011325952,3113959424,1,GPU-1c3d83bb-e61f-6723-2bf6-f01f4d191540,Tesla T4,335.0,15360.0,98.0,63.0,45.93,1590.0,5000.0
2026-09-07T21:16:05.929583+00:00,measured_67108864,True,3019325440,3113959424,0,GPU-402586f7-0122-74ef-28ef-9d9c58864a48,Tesla T4,335.0,15360.0,98.0,62.0,46.89,1590.0,5000.0
2026-09-07T21:16:05.929583+00:00,measured_67108864,True,3019325440,3113959424,1,GPU-1c3d83bb-e61f-6723-2bf6-f01f4d191540,Tesla T4,399.0,15360.0,98.0,63.0,45.64,1590.0,5000.0
2026-09-07T21:16:06.237148+00:00,complete,False,3040751616,3041067008,0,GPU-402586f7-0122-74ef-28ef-9d9c58864a48,Tesla T4,335.0,15360.0,14.0,62.0,38.79,1590.0,5000.0
2026-09-07T21:16:06.237148+00:00,complete,False,3040751616,3041067008,1,GPU-1c3d83bb-e61f-6723-2bf6-f01f4d191540,Tesla T4,335.0,15360.0,0.0,62.0,37.63,1590.0,5000.0
2026-09-07T21:16:06.534958+00:00,complete,False,2949693440,2964406272,0,GPU-402586f7-0122-74ef-28ef-9d9c58864a48,Tesla T4,319.0,15360.0,0.0,62.0,38.89,1590.0,5000.0
2026-09-07T21:16:06.534958+00:00,complete,False,2949693440,2964406272,1,GPU-1c3d83bb-e61f-6723-2bf6-f01f4d191540,Tesla T4,319.0,15360.0,0.0,62.0,37.53,1590.0,5000.0
2026-09-07T21:16:06.839840+00:00,complete,False,1914089472,1119555584,0,GPU-402586f7-0122-74ef-28ef-9d9c58864a48,Tesla T4,3.0,15360.0,0.0,62.0,42.61,1590.0,5000.0
2026-09-07T21:16:06.839840+00:00,complete,False,1914089472,1119555584,1,GPU-1c3d83bb-e61f-6723-2bf6-f01f4d191540,Tesla T4,3.0,15360.0,0.0,62.0,39.41,1590.0,5000.0
2026-09-07T21:16:07.169385+00:00,complete,False,1811689472,1119469568,0,GPU-402586f7-0122-74ef-28ef-9d9c58864a48,Tesla T4,3.0,15360.0,0.0,62.0,38.89,1590.0,5000.0
2026-09-07T21:16:07.169385+00:00,complete,False,1811689472,1119469568,1,GPU-1c3d83bb-e61f-6723-2bf6-f01f4d191540,Tesla T4,3.0,15360.0,4.0,62.0,37.53,1590.0,5000.0
2026-09-07T21:16:07.372320+00:00,complete,False,1524187136,563240960,0,GPU-402586f7-0122-74ef-28ef-9d9c58864a48,Tesla T4,3.0,15360.0,0.0,62.0,38.99,1590.0,5000.0
2026-09-07T21:16:07.372320+00:00,complete,False,1524187136,563240960,1,GPU-1c3d83bb-e61f-6723-2bf6-f01f4d191540,Tesla T4,3.0,15360.0,0.0,62.0,37.73,1590.0,5000.0
